-- MySQL dump 10.13  Distrib 8.0.29, for Win64 (x86_64)
--
-- Host: localhost    Database: ut
-- ------------------------------------------------------
-- Server version	8.0.28

/*!40101 SET @OLD_CHARACTER_SET_CLIENT=@@CHARACTER_SET_CLIENT */;
/*!40101 SET @OLD_CHARACTER_SET_RESULTS=@@CHARACTER_SET_RESULTS */;
/*!40101 SET @OLD_COLLATION_CONNECTION=@@COLLATION_CONNECTION */;
/*!50503 SET NAMES utf8 */;
/*!40103 SET @OLD_TIME_ZONE=@@TIME_ZONE */;
/*!40103 SET TIME_ZONE='+00:00' */;
/*!40014 SET @OLD_UNIQUE_CHECKS=@@UNIQUE_CHECKS, UNIQUE_CHECKS=0 */;
/*!40014 SET @OLD_FOREIGN_KEY_CHECKS=@@FOREIGN_KEY_CHECKS, FOREIGN_KEY_CHECKS=0 */;
/*!40101 SET @OLD_SQL_MODE=@@SQL_MODE, SQL_MODE='NO_AUTO_VALUE_ON_ZERO' */;
/*!40111 SET @OLD_SQL_NOTES=@@SQL_NOTES, SQL_NOTES=0 */;

--
-- Table structure for table `bitacora`
--

DROP TABLE IF EXISTS `bitacora`;
/*!40101 SET @saved_cs_client     = @@character_set_client */;
/*!50503 SET character_set_client = utf8mb4 */;
CREATE TABLE `bitacora` (
  `id_bitacora` int NOT NULL AUTO_INCREMENT,
  `cedula` varchar(8) CHARACTER SET utf8 COLLATE utf8_bin DEFAULT NULL,
  `usuario` varchar(15) CHARACTER SET utf8 COLLATE utf8_bin DEFAULT NULL,
  `operacion` varchar(200) CHARACTER SET utf8 COLLATE utf8_bin DEFAULT NULL,
  `host` varchar(30) CHARACTER SET utf8 COLLATE utf8_bin DEFAULT NULL,
  `fecha` date DEFAULT NULL,
  `hora` time DEFAULT NULL,
  `tabla` varchar(40) CHARACTER SET utf8 COLLATE utf8_bin DEFAULT NULL,
  `status` int DEFAULT NULL,
  PRIMARY KEY (`id_bitacora`)
) ENGINE=InnoDB AUTO_INCREMENT=661 DEFAULT CHARSET=utf8mb3 COLLATE=utf8_bin;
/*!40101 SET character_set_client = @saved_cs_client */;

--
-- Dumping data for table `bitacora`
--

LOCK TABLES `bitacora` WRITE;
/*!40000 ALTER TABLE `bitacora` DISABLE KEYS */;
INSERT INTO `bitacora` VALUES (1,'2','root@localhost','Se creo un nuevo rol','localhost','2021-08-29','21:34:12',' Seguridad Roles',NULL),(2,'7403566','root@localhost','Se inserto un nuevo usuario','localhost','2021-08-29','21:34:50','Usuario',NULL),(3,'GAP173','root@localhost','Se inserto un vehiculo','localhost','2021-09-13','13:04:48','Vehiculo',NULL),(4,'SAR891','root@localhost','Se inserto un vehiculo','localhost','2021-09-15','18:33:21','Vehiculo',NULL),(5,'95589666','root@localhost','Se inserto un nuevo chofer','localhost','2021-10-13','21:16:22','Chofer',NULL),(6,'95589666','root@localhost','Se Modificaron los datos de un chofer','localhost','2021-10-13','21:37:00','Chofer',NULL),(7,'26561633','root@localhost','Se inserto un nuevo usuario','localhost','2021-10-20','14:22:42','Usuario',NULL),(8,'123456','root@localhost','Se inserto un nuevo chofer','localhost','2021-12-03','10:49:08','Chofer',NULL),(9,'9601788','root@localhost','Se inserto un nuevo chofer','localhost','2021-12-03','10:51:37','Chofer',NULL),(10,'26779425','root@localhost','Se inserto un nuevo chofer','localhost','2021-12-03','10:52:11','Chofer',NULL),(11,'3','root@localhost','Se creo un nuevo rol','localhost','2021-12-03','10:53:24',' Seguridad Roles',NULL),(12,'4','root@localhost','Se creo un nuevo rol','localhost','2021-12-03','10:54:34',' Seguridad Roles',NULL),(13,'4','root@localhost','Se modifico un rol','localhost','2021-12-03','10:54:55','Seguridad Roles',NULL),(14,'Preventi','root@localhost','Se registro un dato en la tabla tipos ','localhost','2021-12-03','10:56:49','Tipos',NULL),(15,'Cambio d','root@localhost','Se registro un dato en la tabla tipos ','localhost','2021-12-03','10:57:13','Tipos',NULL),(16,'Chequeo','root@localhost','Se registro un dato en la tabla tipos ','localhost','2021-12-03','10:57:43','Tipos',NULL),(17,'Frenos','root@localhost','Se registro un dato en la tabla tipos ','localhost','2021-12-03','10:58:07','Tipos',NULL),(18,'GAP173','root@localhost','Se inserto una nueva ruta','localhost','2021-12-03','11:00:23','Ruta',NULL),(19,'VAS123','root@localhost','Se inserto una nueva ruta','localhost','2021-12-03','11:00:42','Ruta',NULL),(20,'XAM368','root@localhost','Se inserto una nueva ruta','localhost','2021-12-03','11:01:13','Ruta',NULL),(21,'SAR891','root@localhost','Se inserto una nueva ruta','localhost','2021-12-03','11:01:50','Ruta',NULL),(22,'Cambio d','root@localhost','Se Modifico un campo de la tabla','localhost','2021-12-03','11:02:10','Tipos',NULL),(23,'11456268','root@localhost','Se inserto un nuevo chofer','localhost','2021-12-03','11:02:49','Chofer',NULL),(24,'123456','root@localhost','Se Modificaron los datos de un chofer','localhost','2021-12-03','11:02:57','Chofer',NULL),(25,'27889456','root@localhost','Se inserto un nuevo chofer','localhost','2021-12-03','11:03:30','Chofer',NULL),(26,'GAP173','root@localhost','Se inserto un nuevo mantenimiento','localhost','2021-12-03','11:04:03','Mantenimiento',NULL),(27,'PFS982','root@localhost','Se inserto un nuevo mantenimiento','localhost','2021-12-03','11:04:36','Mantenimiento',NULL),(28,'XAM368','root@localhost','Se inserto un nuevo mantenimiento','localhost','2021-12-03','11:05:14','Mantenimiento',NULL),(29,'Cauchos','root@localhost','Se registro un dato en la tabla tipos ','localhost','2021-12-03','11:05:36','Tipos',NULL),(30,'GAP173','root@localhost','Se registro una nueva reparacion','localhost','2021-12-03','11:06:05','Reparaciones',NULL),(31,'01020304','root@localhost','Se inserto un nuevo chofer','localhost','2021-12-16','14:16:12','Chofer',NULL),(32,'$%%$$%$$','root@localhost','Se inserto un nuevo chofer','localhost','2021-12-16','14:18:37','Chofer',NULL),(33,'$%%$$%$$','root@localhost','Se Modificaron los datos de un chofer','localhost','2021-12-16','14:19:07','Chofer',NULL),(34,'030201','root@localhost','Se inserto un nuevo chofer','localhost','2021-12-17','09:42:05','Chofer',NULL),(35,'030201','root@localhost','Se elimino un Chofer del registro','localhost','2021-12-17','10:09:33','Choferes',NULL),(36,'$%%$$%$$','root@localhost','Se elimino un Chofer del registro','localhost','2021-12-17','10:09:40','Choferes',NULL),(37,'$%%$$$$$','root@localhost','Se inserto un nuevo chofer','localhost','2021-12-17','10:18:55','Chofer',NULL),(38,'01020304','root@localhost','Se elimino un Chofer del registro','localhost','2021-12-17','10:37:50','Choferes',NULL),(39,'11456268','root@localhost','Se elimino un Chofer del registro','localhost','2021-12-17','10:37:50','Choferes',NULL),(40,'123456','root@localhost','Se elimino un Chofer del registro','localhost','2021-12-17','10:37:50','Choferes',NULL),(41,'26779425','root@localhost','Se elimino un Chofer del registro','localhost','2021-12-17','10:37:50','Choferes',NULL),(42,'27889456','root@localhost','Se elimino un Chofer del registro','localhost','2021-12-17','10:37:50','Choferes',NULL),(43,'95589666','root@localhost','Se elimino un Chofer del registro','localhost','2021-12-17','10:37:50','Choferes',NULL),(44,'9601788','root@localhost','Se elimino un Chofer del registro','localhost','2021-12-17','10:37:50','Choferes',NULL),(48,'01020304','root@localhost','Se inserto un nuevo usuario','localhost','2021-12-17','11:42:23','Usuario',NULL),(49,'$%%$%$$$','root@localhost','Se inserto un nuevo chofer','localhost','2021-12-20','10:11:31','Chofer',NULL),(50,'050505','root@localhost','Se inserto un nuevo usuario','localhost','2021-12-21','19:43:57','Usuario',NULL),(51,'$%%$$%%$','root@localhost','Se inserto un nuevo chofer','localhost','2021-12-22','10:38:48','Chofer',NULL),(52,'$%%$%$$$','root@localhost','Se inserto un nuevo chofer','localhost','2021-12-22','10:39:40','Chofer',NULL),(53,'$%%$$$%$','root@localhost','Se inserto un nuevo chofer','localhost','2021-12-22','12:29:12','Chofer',NULL),(54,'$%%$$$$$','root@localhost','Se inserto un nuevo usuario','localhost','2021-12-29','19:07:15','Usuario',NULL),(55,'$%%%$$%$','root@localhost','Se inserto un nuevo usuario','localhost','2021-12-29','19:10:20','Usuario',NULL),(56,'$%%$$%%$','root@localhost','Se inserto un nuevo usuario','localhost','2022-01-04','19:54:40','Usuario',NULL),(57,'$$%%$$%%','root@localhost','Se inserto un nuevo usuario','localhost','2022-01-04','20:03:18','Usuario',NULL),(58,'$$$$$$$$','root@localhost','Se inserto un nuevo usuario','localhost','2022-01-04','20:03:39','Usuario',NULL),(59,'01020304','root@localhost','Se elimino un usuario','localhost','2022-01-04','20:19:30','Usuario',NULL),(60,'050505','root@localhost','Se elimino un usuario','localhost','2022-01-04','20:19:30','Usuario',NULL),(61,'1234','root@localhost','Se elimino un usuario','localhost','2022-01-04','20:19:30','Usuario',NULL),(62,'26561633','root@localhost','Se elimino un usuario','localhost','2022-01-04','20:19:30','Usuario',NULL),(63,'7403566','root@localhost','Se elimino un usuario','localhost','2022-01-04','20:19:30','Usuario',NULL),(64,'01020304','root@localhost','Se inserto un nuevo usuario','localhost','2022-01-04','20:21:19','Usuario',NULL),(65,'050505','root@localhost','Se inserto un nuevo usuario','localhost','2022-01-04','20:21:19','Usuario',NULL),(66,'1234','root@localhost','Se inserto un nuevo usuario','localhost','2022-01-04','20:21:19','Usuario',NULL),(67,'26561633','root@localhost','Se inserto un nuevo usuario','localhost','2022-01-04','20:21:19','Usuario',NULL),(68,'7403566','root@localhost','Se inserto un nuevo usuario','localhost','2022-01-04','20:21:19','Usuario',NULL),(69,'$$$$$$$$','root@localhost','Se elimino un usuario','localhost','2022-01-04','20:22:46','Usuario',NULL),(70,'$$%%$$%%','root@localhost','Se elimino un usuario','localhost','2022-01-04','20:22:47','Usuario',NULL),(71,'$%%$$$$$','root@localhost','Se elimino un usuario','localhost','2022-01-04','20:22:47','Usuario',NULL),(72,'$%%$$%%$','root@localhost','Se elimino un usuario','localhost','2022-01-04','20:22:47','Usuario',NULL),(73,'$%%%$$%$','root@localhost','Se elimino un usuario','localhost','2022-01-04','20:22:47','Usuario',NULL),(74,'1234','root@localhost','Se Modifico un campo de esta tabla','localhost','2022-01-04','20:27:58','Usuario',NULL),(75,'01020304','root@localhost','Se Modifico un campo de esta tabla','localhost','2022-01-04','20:29:10','Usuario',NULL),(76,'26561633','root@localhost','Se Modifico un campo de esta tabla','localhost','2022-01-04','20:30:03','Usuario',NULL),(77,'050505','root@localhost','Se elimino un usuario','localhost','2022-01-04','20:30:06','Usuario',NULL),(78,'7403566','root@localhost','Se Modifico un campo de esta tabla','localhost','2022-01-04','20:30:36','Usuario',NULL),(79,'$%%$$%%$','root@localhost','Se Modifico un campo de esta tabla','localhost','2022-01-05','08:43:50','Usuario',NULL),(80,'$%%$$$$$','root@localhost','Se Modifico un campo de esta tabla','localhost','2022-01-05','08:56:13','Usuario',NULL),(81,'$%%$$$$$','root@localhost','Se Modifico un campo de esta tabla','localhost','2022-01-05','08:56:23','Usuario',NULL),(82,'$%%$$$$$','root@localhost','Se Modifico un campo de esta tabla','localhost','2022-01-05','08:56:33','Usuario',NULL),(83,'123456','root@localhost','Se inserto un nuevo usuario','localhost','2022-02-16','12:21:38','Usuario',NULL),(84,'$%%$$$$$','root@localhost','Se Modifico un campo de esta tabla','localhost','2022-02-16','12:25:20','Usuario',NULL),(85,'$%%$$$%$','root@localhost','Se Modifico un campo de esta tabla','localhost','2022-02-16','12:25:51','Usuario',NULL),(87,'$%%$$%%$','root@localhost','Se Modifico un campo de esta tabla','localhost','2022-02-16','12:26:31','Usuario',NULL),(88,'12345678','root@localhost','Se Modifico un campo de esta tabla','localhost','2022-02-16','12:26:49','Usuario',NULL),(89,'$%%$$%%$','root@localhost','Se Modifico un campo de esta tabla','localhost','2022-02-16','12:27:41','Usuario',NULL),(90,'$%%$%$$$','root@localhost','Se Modificaron los datos de un chofer','localhost','2022-02-16','12:41:39','Chofer',NULL),(91,'$%%$%$$$','root@localhost','Se Modificaron los datos de un chofer','localhost','2022-02-16','12:41:50','Chofer',NULL),(92,'26561638','root@localhost','Se inserto un nuevo chofer','localhost','2022-02-16','12:42:13','Chofer',NULL),(93,'OGA1703','root@localhost','Se Modifico una ruta','localhost','2022-02-16','12:42:29','Ruta',NULL),(94,'EAP685','root@localhost','Se inserto una nueva ruta','localhost','2022-02-16','12:46:38','Ruta',NULL),(95,'OGA1703','root@localhost','Se inserto un nuevo mantenimiento','localhost','2022-02-16','12:55:28','Mantenimiento',NULL),(96,'10847565','root@localhost','Se inserto un nuevo usuario','localhost','2022-02-20','15:47:04','Usuario',NULL),(97,'KVT47V','root@localhost','Se inserto una nueva ruta','localhost','2022-02-20','15:48:07','Ruta',NULL),(98,'12345678','root@localhost','Se Modifico un campo de esta tabla','localhost','2022-02-20','16:00:15','Usuario',NULL),(99,'10847565','root@localhost','Se Modifico un campo de esta tabla','localhost','2022-02-21','16:38:20','Usuario',NULL),(100,'4','root@localhost','Se modifico un rol','localhost','2022-02-21','16:59:25','Seguridad Roles',NULL),(101,'12345678','root@localhost','Se Modifico un campo de esta tabla','localhost','2022-02-21','17:00:02','Usuario',NULL),(102,'9601754','root@localhost','Se inserto un nuevo usuario','localhost','2022-02-21','17:35:30','Usuario',NULL),(103,'$$%$$%%$','root@localhost','Se inserto un nuevo chofer','localhost','2022-02-21','19:11:43','Chofer',NULL),(104,'10847107','root@localhost','Se elimino un Chofer del registro','localhost','2022-02-21','19:14:47','Choferes',NULL),(105,'26561633','root@localhost','Se elimino un Chofer del registro','localhost','2022-02-21','19:14:48','Choferes',NULL),(106,'26561638','root@localhost','Se elimino un Chofer del registro','localhost','2022-02-21','19:14:48','Choferes',NULL),(107,'$%%$$$%$','root@localhost','Se inserto un nuevo chofer','localhost','2022-02-21','19:15:16','Chofer',NULL),(108,'$%%$%%%$','root@localhost','Se inserto un nuevo chofer','localhost','2022-02-21','19:15:47','Chofer',NULL),(109,'$%%$%$%$','root@localhost','Se inserto un nuevo chofer','localhost','2022-02-21','19:16:21','Chofer',NULL),(110,'12345678','root@localhost','Se elimino un usuario','localhost','2022-02-21','19:19:54','Usuario',NULL),(111,'17039811','root@localhost','Se elimino un usuario','localhost','2022-02-21','19:19:59','Usuario',NULL),(112,'$%%%$$$$','root@localhost','Se inserto un nuevo chofer','localhost','2022-02-21','19:21:55','Chofer',NULL),(113,'$%%$%$%$','root@localhost','Se inserto un nuevo chofer','localhost','2022-02-21','19:22:40','Chofer',NULL),(114,'10847565','root@localhost','Se elimino un usuario','localhost','2022-02-21','19:23:09','Usuario',NULL),(115,'123456','root@localhost','Se elimino un usuario','localhost','2022-02-21','19:23:09','Usuario',NULL),(116,'9601754','root@localhost','Se elimino un usuario','localhost','2022-02-21','19:23:09','Usuario',NULL),(117,'9601783','root@localhost','Se elimino un usuario','localhost','2022-02-21','19:23:09','Usuario',NULL),(118,'98765432','root@localhost','Se elimino un usuario','localhost','2022-02-21','19:23:09','Usuario',NULL),(119,'123456','root@localhost','Se inserto un nuevo usuario','localhost','2022-02-21','19:23:55','Usuario',NULL),(120,'26561633','root@localhost','Se inserto un nuevo usuario','localhost','2022-02-21','19:25:17','Usuario',NULL),(121,'34567891','root@localhost','Se inserto un nuevo usuario','localhost','2022-02-21','19:26:37','Usuario',NULL),(122,'98765421','root@localhost','Se inserto un nuevo usuario','localhost','2022-02-21','19:29:49','Usuario',NULL),(123,'123456','root@localhost','Se elimino un usuario','localhost','2022-02-21','19:32:34','Usuario',NULL),(124,'10847565','root@localhost','Se inserto un nuevo usuario','localhost','2022-02-21','19:33:28','Usuario',NULL),(125,'123456','root@localhost','Se inserto un nuevo usuario','localhost','2022-02-21','19:33:28','Usuario',NULL),(126,'123456','root@localhost','Se Modifico un campo de esta tabla','localhost','2022-02-21','19:36:06','Usuario',NULL),(127,'10847565','root@localhost','Se elimino un usuario','localhost','2022-02-21','19:36:49','Usuario',NULL),(128,'26561633','root@localhost','Se elimino un usuario','localhost','2022-02-21','19:36:52','Usuario',NULL),(129,'34567891','root@localhost','Se elimino un usuario','localhost','2022-02-21','19:36:54','Usuario',NULL),(130,'98765421','root@localhost','Se elimino un usuario','localhost','2022-02-21','19:36:56','Usuario',NULL),(131,'34567894','root@localhost','Se inserto un nuevo usuario','localhost','2022-02-21','19:39:43','Usuario',NULL),(132,'26561789','root@localhost','Se inserto un nuevo usuario','localhost','2022-02-21','19:43:58','Usuario',NULL),(133,'VAS654','root@localhost','Se inserto una nueva ruta','localhost','2022-02-21','19:54:16','Ruta',NULL),(134,'KVT47V','root@localhost','Se inserto una nueva ruta','localhost','2022-02-21','19:54:57','Ruta',NULL),(135,'EAP685','root@localhost','Se inserto una nueva ruta','localhost','2022-02-21','19:55:58','Ruta',NULL),(136,'26561789','root@localhost','Se Modifico un campo de esta tabla','localhost','2022-02-21','20:32:14','Usuario',NULL),(137,'26561789','root@localhost','Se Modifico un campo de esta tabla','localhost','2022-02-21','20:32:16','Usuario',NULL),(138,'26561789','root@localhost','Se elimino un usuario','localhost','2022-02-21','20:32:37','Usuario',NULL),(139,'26561633','root@localhost','Se inserto un nuevo usuario','localhost','2022-02-21','20:33:18','Usuario',NULL),(140,'EAP685','root@localhost','Se inserto un nuevo mantenimiento','localhost','2022-02-21','21:36:10','Mantenimiento',NULL),(141,'Prueba','root@localhost','Se registro un dato en la tabla tipos ','localhost','2022-02-23','14:09:52','Tipos',NULL),(142,'12345670','root@localhost','Se inserto un nuevo usuario','localhost','2022-02-23','14:20:36','Usuario',NULL),(143,'VAS654','root@localhost','Se inserto un nuevo mantenimiento','localhost','2022-02-23','14:28:50','Mantenimiento',NULL),(144,'KVT47V','root@localhost','Se inserto un nuevo mantenimiento','localhost','2022-02-23','14:29:24','Mantenimiento',NULL),(145,'YYLA891','root@localhost','Se inserto un nuevo mantenimiento','localhost','2022-02-23','14:30:06','Mantenimiento',NULL),(146,'KOWP145','root@localhost','Se inserto un nuevo mantenimiento','localhost','2022-02-23','14:30:34','Mantenimiento',NULL),(147,'EAP685','root@localhost','Se Modifico una ruta','localhost','2022-02-23','14:31:34','Ruta',NULL),(149,'VAS654','root@localhost','Se Modifico una ruta','localhost','2022-02-23','14:32:50','Ruta',NULL),(153,'$%%$%%%$','root@localhost','Se Modificaron los datos de un chofer','localhost','2022-02-23','15:05:49','Chofer',NULL),(154,'$%%$%%%$','root@localhost','Se Modificaron los datos de un chofer','localhost','2022-02-23','15:06:41','Chofer',NULL),(155,'$%%$%%%$','root@localhost','Se Modificaron los datos de un chofer','localhost','2022-02-23','15:08:55','Chofer',NULL),(156,'$%%$%%%$','root@localhost','Se Modificaron los datos de un chofer','localhost','2022-02-23','15:08:59','Chofer',NULL),(157,'$%%$%%%$','root@localhost','Se Modificaron los datos de un chofer','localhost','2022-02-23','15:10:57','Chofer',NULL),(158,'dfsdfds','root@localhost','Se inserto un nuevo chofer','localhost','2022-02-23','15:13:56','Chofer',NULL),(159,'dfsdfds','root@localhost','Se Modificaron los datos de un chofer','localhost','2022-02-23','15:16:03','Chofer',NULL),(160,'$%%$%%%$','root@localhost','Se Modificaron los datos de un chofer','localhost','2022-02-23','15:16:09','Chofer',NULL),(161,'$%%$%%%$','root@localhost','Se Modificaron los datos de un chofer','localhost','2022-02-23','15:16:16','Chofer',NULL),(162,'dfsdfds','root@localhost','Se Modificaron los datos de un chofer','localhost','2022-02-23','15:16:49','Chofer',NULL),(163,'dfsdfds','root@localhost','Se elimino un Chofer del registro','localhost','2022-02-23','15:24:04','Choferes',NULL),(164,'$%%$%%%$','root@localhost','Se Modificaron los datos de un chofer','localhost','2022-02-23','15:25:43','Chofer',NULL),(165,'26561638','root@localhost','Se inserto un nuevo chofer','localhost','2022-02-23','15:29:50','Chofer',NULL),(166,'26561638','root@localhost','Se elimino un Chofer del registro','localhost','2022-02-23','15:33:53','Choferes',NULL),(167,'$$%$$%%$','root@localhost','Se inserto un nuevo chofer','localhost','2022-02-23','15:34:58','Chofer',NULL),(168,'$$%$$%%$','root@localhost','Se Modificaron los datos de un chofer','localhost','2022-02-23','15:35:08','Chofer',NULL),(169,'KOWP145','root@localhost','Se registro una nueva reparacion','localhost','2022-02-23','15:37:22','Reparaciones',NULL),(170,'KVT47V','root@localhost','Se registro una nueva reparacion','localhost','2022-02-23','15:37:40','Reparaciones',NULL),(171,'VAS654','root@localhost','Se registro una nueva reparacion','localhost','2022-02-23','15:38:28','Reparaciones',NULL),(172,'YYLA891','root@localhost','Se registro una nueva reparacion','localhost','2022-02-23','15:39:01','Reparaciones',NULL),(175,'01010101','root@localhost','Se inserto un nuevo usuario','localhost','2022-02-26','09:29:05','Usuario',NULL),(176,'01010101','root@localhost','Se elimino un usuario','localhost','2022-02-26','09:33:35','Usuario',NULL),(177,'12345670','root@localhost','Se elimino un usuario','localhost','2022-02-26','09:33:39','Usuario',NULL),(178,'010101','root@localhost','Se inserto un nuevo usuario','localhost','2022-02-26','09:34:20','Usuario',NULL),(179,'010101','root@localhost','Se Modifico un campo de esta tabla','localhost','2022-02-26','09:39:23','Usuario',NULL),(180,'010101','root@localhost','Se Modifico un campo de esta tabla','localhost','2022-02-26','09:39:35','Usuario',NULL),(181,'010101','root@localhost','Se Modifico un campo de esta tabla','localhost','2022-02-26','09:39:36','Usuario',NULL),(182,'010101','root@localhost','Se Modifico un campo de esta tabla','localhost','2022-02-26','09:39:40','Usuario',NULL),(183,'010101','root@localhost','Se Modifico un campo de esta tabla','localhost','2022-02-26','09:39:42','Usuario',NULL),(184,'010101','root@localhost','Se Modifico un campo de esta tabla','localhost','2022-02-26','09:39:44','Usuario',NULL),(185,'010101','root@localhost','Se Modifico un campo de esta tabla','localhost','2022-02-26','09:39:46','Usuario',NULL),(186,'010101','root@localhost','Se Modifico un campo de esta tabla','localhost','2022-02-26','09:39:48','Usuario',NULL),(187,'010101','root@localhost','Se Modifico un campo de esta tabla','localhost','2022-02-26','09:39:49','Usuario',NULL),(188,'010101','root@localhost','Se Modifico un campo de esta tabla','localhost','2022-02-26','09:39:57','Usuario',NULL),(189,'010101','root@localhost','Se Modifico un campo de esta tabla','localhost','2022-02-26','09:40:00','Usuario',NULL),(190,'010101','root@localhost','Se Modifico un campo de esta tabla','localhost','2022-02-26','09:58:34','Usuario',NULL),(191,'010101','root@localhost','Se elimino un usuario','localhost','2022-02-26','09:58:41','Usuario',NULL),(192,'010101','root@localhost','Se inserto un nuevo usuario','localhost','2022-02-26','09:59:02','Usuario',NULL),(193,'010101','root@localhost','Se elimino un usuario','localhost','2022-02-26','10:05:18','Usuario',NULL),(194,'0101','root@localhost','Se inserto un nuevo usuario','localhost','2022-02-26','10:05:41','Usuario',NULL),(195,'123456','root@localhost','Se Modifico un campo de esta tabla','localhost','2022-02-26','10:31:25','Usuario',NULL),(196,'0101','root@localhost','Se Modifico un campo de esta tabla','localhost','2022-02-26','10:33:30','Usuario',NULL),(197,'0101','root@localhost','Se elimino un usuario','localhost','2022-02-26','10:34:16','Usuario',NULL),(198,'0101','root@localhost','Se inserto un nuevo usuario','localhost','2022-02-26','10:34:32','Usuario',NULL),(199,'26577823','root@localhost','Se inserto un nuevo usuario','localhost','2022-02-26','10:41:57','Usuario',NULL),(200,'1111','root@localhost','Se inserto un nuevo usuario','localhost','2022-02-26','10:55:34','Usuario',NULL),(201,'1111','root@localhost','Se Modifico un campo de esta tabla','localhost','2022-03-05','20:01:50','Usuario',NULL),(202,'123456','root@localhost','Se Modifico un campo de esta tabla','localhost','2022-03-05','20:02:58','Usuario',NULL),(203,'123456','root@localhost','Se Modifico un campo de esta tabla','localhost','2022-03-05','20:03:00','Usuario',NULL),(204,'1111','root@localhost','Se Modifico un campo de esta tabla','localhost','2022-03-05','20:03:05','Usuario',NULL),(205,'1111','root@localhost','Se Modifico un campo de esta tabla','localhost','2022-03-05','20:03:10','Usuario',NULL),(206,'1111','root@localhost','Se Modifico un campo de esta tabla','localhost','2022-03-05','20:03:24','Usuario',NULL),(207,'1111','root@localhost','Se Modifico un campo de esta tabla','localhost','2022-03-05','20:05:35','Usuario',NULL),(208,'1111','root@localhost','Se Modifico un campo de esta tabla','localhost','2022-03-05','20:05:39','Usuario',NULL),(209,'1111','root@localhost','Se elimino un usuario','localhost','2022-03-05','20:06:11','Usuario',NULL),(210,'$%%$%%%$','root@localhost','Se Modificaron los datos de un chofer','localhost','2022-03-05','20:07:07','Chofer',NULL),(211,'26577823','root@localhost','Se Modifico un campo de esta tabla','localhost','2022-03-05','20:07:19','Usuario',NULL),(212,'26577823','root@localhost','Se Modifico un campo de esta tabla','localhost','2022-03-05','20:07:22','Usuario',NULL),(213,'26577823','root@localhost','Se Modifico un campo de esta tabla','localhost','2022-03-05','20:09:32','Usuario',NULL),(214,'26577823','root@localhost','Se Modifico un campo de esta tabla','localhost','2022-03-05','22:20:42','Usuario',NULL),(215,'365874','root@localhost','Se inserto un nuevo usuario','localhost','2022-03-05','22:21:22','Usuario',NULL),(216,'123456','root@localhost','Se Modifico un campo de esta tabla','localhost','2022-03-05','22:43:23','Usuario',NULL),(217,'365874','root@localhost','Se Modifico un campo de esta tabla','localhost','2022-03-06','07:27:20','Usuario',NULL),(218,'26561633','root@localhost','Se elimino un usuario','localhost','2022-03-06','07:31:07','Usuario',NULL),(219,'34567894','root@localhost','Se elimino un usuario','localhost','2022-03-06','07:31:11','Usuario',NULL),(220,'365874','root@localhost','Se Modifico un campo de esta tabla','localhost','2022-03-07','09:55:43','Usuario',NULL),(221,'10847107','root@localhost','Se inserto un nuevo usuario','localhost','2022-03-07','09:56:09','Usuario',NULL),(225,'365874','root@localhost','Se Modifico un campo de esta tabla','localhost','2022-03-07','14:40:55','Usuario',NULL),(226,'26577823','root@localhost','Se Modifico un campo de esta tabla','localhost','2022-03-07','14:41:01','Usuario',NULL),(228,'123456','root@localhost','Se Modifico un campo de esta tabla','localhost','2022-03-07','14:43:03','Usuario',NULL),(229,'123456','root@localhost','Se Modifico un campo de esta tabla','localhost','2022-03-07','14:43:15','Usuario',NULL),(230,'365874','root@localhost','Se Modifico un campo de esta tabla','localhost','2022-03-07','21:01:11','Usuario',NULL),(233,'10847107','root@localhost','Se Modifico un campo de esta tabla','localhost','2022-03-07','21:05:18','Usuario',NULL),(235,'10847107','root@localhost','Se Modifico un campo de esta tabla','localhost','2022-03-07','21:11:35','Usuario',NULL),(236,'365874','root@localhost','Se Modifico un campo de esta tabla','localhost','2022-03-07','21:12:27','Usuario',NULL),(237,'10847107','root@localhost','Se Modifico un campo de esta tabla','localhost','2022-03-07','21:15:02','Usuario',NULL),(241,'$%%%$$$$','root@localhost','Se inserto un nuevo chofer','localhost','2022-04-07','19:19:05','Chofer',NULL),(242,'26398488','root@localhost','Se inserto un nuevo usuario','localhost','2022-04-07','21:48:10','Usuario',NULL),(243,'26398477','root@localhost','Se inserto un nuevo usuario','localhost','2022-04-07','21:50:38','Usuario',NULL),(244,'26398488','root@localhost','Se elimino un usuario','localhost','2022-04-07','21:51:04','Usuario',NULL),(245,'26398477','root@localhost','Se elimino un usuario','localhost','2022-04-07','21:51:08','Usuario',NULL),(246,'26398477','root@localhost','Se inserto un nuevo usuario','localhost','2022-04-07','21:53:58','Usuario',NULL),(247,'26398477','root@localhost','Se elimino un usuario','localhost','2022-04-07','21:54:53','Usuario',NULL),(248,'26398488','root@localhost','Se inserto un nuevo usuario','localhost','2022-04-07','21:55:15','Usuario',NULL),(249,'26398488','root@localhost','Se elimino un usuario','localhost','2022-04-07','21:55:22','Usuario',NULL),(250,'26398488','root@localhost','Se inserto un nuevo usuario','localhost','2022-04-07','21:56:54','Usuario',NULL),(251,'26398488','root@localhost','Se elimino un usuario','localhost','2022-04-07','21:57:20','Usuario',NULL),(252,'26398488','root@localhost','Se inserto un nuevo usuario','localhost','2022-04-07','21:57:46','Usuario',NULL),(253,'26398488','root@localhost','Se elimino un usuario','localhost','2022-04-07','21:58:04','Usuario',NULL),(254,'95589666','root@localhost','Se inserto un nuevo usuario','localhost','2022-04-12','01:13:56','Usuario',NULL),(255,'9558962','root@localhost','Se inserto un nuevo usuario','localhost','2022-04-12','21:19:12','Usuario',NULL),(256,'26561633','root@localhost','Se inserto un nuevo usuario','localhost','2022-04-12','21:32:25','Usuario',NULL),(257,'30868382','root@localhost','Se inserto un nuevo usuario','localhost','2022-04-13','21:33:08','Usuario',NULL),(258,'10847107','root@localhost','Se inserto un nuevo usuario','localhost','2022-04-13','21:36:03','Usuario',NULL),(259,'prueba','root@localhost','Se inserto un nuevo usuario','localhost','2022-04-13','21:40:07','Usuario',NULL),(260,'prueba2','root@localhost','Se inserto un nuevo usuario','localhost','2022-04-13','21:42:40','Usuario',NULL),(261,'12345647','root@localhost','Se inserto un nuevo usuario','localhost','2022-04-13','21:45:28','Usuario',NULL),(262,'123456','root@localhost','Se elimino un usuario','localhost','2022-04-13','21:46:15','Usuario',NULL),(263,'12345647','root@localhost','Se elimino un usuario','localhost','2022-04-13','21:46:16','Usuario',NULL),(264,'26561633','root@localhost','Se elimino un usuario','localhost','2022-04-13','21:46:16','Usuario',NULL),(265,'prueba','root@localhost','Se elimino un usuario','localhost','2022-04-13','21:46:16','Usuario',NULL),(266,'prueba2','root@localhost','Se elimino un usuario','localhost','2022-04-13','21:46:16','Usuario',NULL),(267,'10847107','root@localhost','Se elimino un usuario','localhost','2022-04-13','21:46:22','Usuario',NULL),(268,'26561633','root@localhost','Se inserto un nuevo usuario','localhost','2022-04-13','21:53:25','Usuario',NULL),(269,'PRUEBA','root@localhost','Se inserto un nuevo usuario','localhost','2022-04-13','21:57:34','Usuario',NULL),(270,'HHHH','root@localhost','Se inserto un nuevo usuario','localhost','2022-04-13','21:59:37','Usuario',NULL),(271,'PRUEBA','root@localhost','Se Modifico un campo de esta tabla','localhost','2022-04-17','15:02:31','Usuario',NULL),(272,'0101','root@localhost','Se Modifico un campo de esta tabla','localhost','2022-04-17','15:02:38','Usuario',NULL),(273,'10847107','root@localhost','Se Modifico un campo de esta tabla','localhost','2022-04-17','15:02:46','Usuario',NULL),(274,'26561633','root@localhost','Se Modifico un campo de esta tabla','localhost','2022-04-17','15:02:52','Usuario',NULL),(275,'26577823','root@localhost','Se Modifico un campo de esta tabla','localhost','2022-04-17','15:03:02','Usuario',NULL),(276,'30868382','root@localhost','Se Modifico un campo de esta tabla','localhost','2022-04-17','15:03:08','Usuario',NULL),(277,'365874','root@localhost','Se Modifico un campo de esta tabla','localhost','2022-04-17','15:04:00','Usuario',NULL),(278,'95589666','root@localhost','Se Modifico un campo de esta tabla','localhost','2022-04-17','15:04:07','Usuario',NULL),(279,'26561633','root@localhost','Se inserto un nuevo usuario','localhost','2022-04-18','15:55:48','Usuario',NULL),(280,'OGA1703','root@localhost','Se modifico un mantenimiento','localhost','2022-04-20','21:11:39','Mantenimiento',NULL),(281,'EAP685','root@localhost','Se modifico un mantenimiento','localhost','2022-04-20','21:11:54','Mantenimiento',NULL),(282,'OGA1703','root@localhost','Se modifico un mantenimiento','localhost','2022-04-20','21:12:40','Mantenimiento',NULL),(283,'KVT47V','root@localhost','Se modifico un mantenimiento','localhost','2022-04-20','21:12:53','Mantenimiento',NULL),(284,'VAS654','root@localhost','Se modifico un mantenimiento','localhost','2022-04-20','21:13:01','Mantenimiento',NULL),(285,'30868382','root@localhost','Se Modifico un campo de esta tabla','localhost','2022-04-24','10:18:09','Usuario',NULL),(286,'Cambio d','root@localhost','Se Modifico un campo de la tabla','localhost','2022-04-24','16:00:23','Tipos',NULL),(287,'Chequeo','root@localhost','Se Modifico un campo de la tabla','localhost','2022-04-24','16:00:30','Tipos',NULL),(288,'EAP685','root@localhost','Se modifico un mantenimiento','localhost','2022-04-24','16:41:55','Mantenimiento',NULL),(289,'YYLA891','root@localhost','Se modifico un mantenimiento','localhost','2022-04-24','16:42:04','Mantenimiento',NULL),(290,'KOWP145','root@localhost','Se modifico un mantenimiento','localhost','2022-04-24','16:42:11','Mantenimiento',NULL),(291,'OGA1703','root@localhost','Se modifico una reparacion','localhost','2022-04-24','17:10:11','Reparacion',NULL),(292,'KOWP145','root@localhost','Se modifico una reparacion','localhost','2022-04-24','17:10:18','Reparacion',NULL),(293,'KVT47V','root@localhost','Se modifico una reparacion','localhost','2022-04-24','17:11:54','Reparacion',NULL),(294,'VAS654','root@localhost','Se modifico una reparacion','localhost','2022-04-24','17:12:01','Reparacion',NULL),(295,'YYLA891','root@localhost','Se modifico una reparacion','localhost','2022-04-24','17:12:09','Reparacion',NULL),(296,'4','root@localhost','Se modifico un rol','localhost','2022-04-24','18:18:49','Seguridad Roles',NULL),(297,'1','root@localhost','Se modifico un rol','localhost','2022-04-24','18:18:56','Seguridad Roles',NULL),(298,'3','root@localhost','Se modifico un rol','localhost','2022-04-24','18:19:03','Seguridad Roles',NULL),(299,'26561631','root@localhost','Se inserto un nuevo usuario','localhost','2022-04-29','16:06:10','Usuario',NULL),(300,'0101','root@localhost','Se Modifico un campo de esta tabla','localhost','2022-04-29','16:06:43','Usuario',NULL),(301,'10847107','root@localhost','Se Modifico un campo de esta tabla','localhost','2022-05-01','17:25:41','Usuario',NULL),(302,'95589666','root@localhost','Se inserto un nuevo usuario','localhost','2022-05-02','10:09:45','Usuario',NULL),(303,'26561631','root@localhost','Se Modifico un campo de esta tabla','localhost','2022-05-02','10:22:03','Usuario',NULL),(304,'26561631','root@localhost','Se Modifico un campo de esta tabla','localhost','2022-05-02','10:22:11','Usuario',NULL),(305,'0101','root@localhost','Se Modifico un campo de esta tabla','localhost','2022-05-02','10:43:54','Usuario',NULL),(306,'0101','root@localhost','Se Modifico un campo de esta tabla','localhost','2022-05-02','10:59:45','Usuario',NULL),(307,'28946711','root@localhost','Se inserto un nuevo usuario','localhost','2022-05-05','11:46:38','Usuario',NULL),(308,'95589666','root@localhost','Se inserto un nuevo usuario','localhost','2022-05-05','17:46:44','Usuario',NULL),(309,'95589666','root@localhost','Se Modifico un campo de esta tabla','localhost','2022-05-05','17:47:16','Usuario',NULL),(310,'3333385','root@localhost','Se inserto un nuevo usuario','localhost','2022-05-05','17:48:59','Usuario',NULL),(311,'26561633','root@localhost','Se Modifico un campo de esta tabla','localhost','2022-05-05','18:39:10','Usuario',NULL),(312,'$$%$$%%$','root@localhost','Se Modificaron los datos de un chofer','localhost','2022-05-06','15:22:36','Chofer',NULL),(313,'$$%$$%%$','root@localhost','Se Modificaron los datos de un chofer','localhost','2022-05-06','15:22:43','Chofer',NULL),(314,'$%%%$$$$','root@localhost','Se Modificaron los datos de un chofer','localhost','2022-05-06','15:22:50','Chofer',NULL),(315,'$%%$%$%$','root@localhost','Se elimino un Chofer del registro','localhost','2022-05-06','16:09:46','Choferes',NULL),(316,'$%%%$$$$','root@localhost','Se elimino un Chofer del registro','localhost','2022-05-06','16:11:29','Choferes',NULL),(317,'$%%%$$$$','root@localhost','Se elimino un Chofer del registro','localhost','2022-05-06','16:11:47','Choferes',NULL),(318,'$$%$$%%$','root@localhost','Se elimino un Chofer del registro','localhost','2022-05-06','16:18:25','Choferes',NULL),(319,'$%%$$$%$','root@localhost','Se elimino un Chofer del registro','localhost','2022-05-06','16:18:25','Choferes',NULL),(320,'$%%$%%%$','root@localhost','Se elimino un Chofer del registro','localhost','2022-05-06','16:18:25','Choferes',NULL),(321,'$%%$%$%$','root@localhost','Se elimino un Chofer del registro','localhost','2022-05-06','16:18:26','Choferes',NULL),(322,'$$%$$%%$','root@localhost','Se elimino un Chofer del registro','localhost','2022-05-06','16:18:26','Choferes',NULL),(323,'29398488','root@localhost','Se inserto un nuevo chofer','localhost','2022-05-20','09:19:23','Chofer',NULL),(324,'3333385','root@localhost','Se Modifico un campo de esta tabla','localhost','2022-05-20','09:35:41','Usuario',NULL),(325,'3333385','root@localhost','Se Modifico un campo de esta tabla','localhost','2022-05-20','09:35:45','Usuario',NULL),(326,'3333385','root@localhost','Se Modifico un campo de esta tabla','localhost','2022-05-20','09:35:51','Usuario',NULL),(327,'3333385','root@localhost','Se Modifico un campo de esta tabla','localhost','2022-05-20','09:35:54','Usuario',NULL),(328,'898PAJ4','root@localhost','Se inserto una nueva ruta','localhost','2022-05-20','13:13:52','Ruta',NULL),(329,'898PAJ4','root@localhost','Se elimino una ruta','localhost','2022-05-20','13:14:14','Ruta',NULL),(330,'898PAJ4','root@localhost','Se inserto una nueva ruta','localhost','2022-05-20','13:15:07','Ruta',NULL),(331,'KVT47V','root@localhost','Se elimino una ruta','localhost','2022-05-20','13:15:27','Ruta',NULL),(332,'EAP685','root@localhost','Se elimino una ruta','localhost','2022-05-20','13:15:29','Ruta',NULL),(333,'KVT47V','root@localhost','Se elimino una ruta','localhost','2022-05-20','13:15:31','Ruta',NULL),(334,'VAS654','root@localhost','Se elimino una ruta','localhost','2022-05-20','13:15:33','Ruta',NULL),(335,'EAP685','root@localhost','Se elimino una ruta','localhost','2022-05-20','13:15:34','Ruta',NULL),(336,'KOWP145','root@localhost','Se Modifico una ruta','localhost','2022-05-20','13:15:37','Ruta',NULL),(337,'29398488','root@localhost','Se Modificaron los datos de un chofer','localhost','2022-05-20','22:08:07','Chofer',NULL),(338,'29398488','root@localhost','Se Modificaron los datos de un chofer','localhost','2022-05-20','22:08:24','Chofer',NULL),(339,'29398488','root@localhost','Se Modificaron los datos de un chofer','localhost','2022-05-20','22:08:34','Chofer',NULL),(340,'29398488','root@localhost','Se Modificaron los datos de un chofer','localhost','2022-05-20','22:13:25','Chofer',NULL),(341,'29398488','root@localhost','Se Modificaron los datos de un chofer','localhost','2022-05-20','22:14:28','Chofer',NULL),(342,'29398488','root@localhost','Se Modificaron los datos de un chofer','localhost','2022-05-20','22:14:31','Chofer',NULL),(343,'29398488','root@localhost','Se Modificaron los datos de un chofer','localhost','2022-05-20','22:14:40','Chofer',NULL),(344,'29398488','root@localhost','Se Modificaron los datos de un chofer','localhost','2022-05-20','22:14:42','Chofer',NULL),(345,'29398488','root@localhost','Se Modificaron los datos de un chofer','localhost','2022-05-20','22:14:44','Chofer',NULL),(346,'29398488','root@localhost','Se Modificaron los datos de un chofer','localhost','2022-05-20','22:14:45','Chofer',NULL),(347,'29398488','root@localhost','Se Modificaron los datos de un chofer','localhost','2022-05-20','22:16:12','Chofer',NULL),(348,'29398488','root@localhost','Se Modificaron los datos de un chofer','localhost','2022-05-20','22:16:15','Chofer',NULL),(349,'29398488','root@localhost','Se Modificaron los datos de un chofer','localhost','2022-05-20','22:16:53','Chofer',NULL),(350,'29398488','root@localhost','Se Modificaron los datos de un chofer','localhost','2022-05-20','22:17:30','Chofer',NULL),(351,'29398488','root@localhost','Se Modificaron los datos de un chofer','localhost','2022-05-20','22:17:41','Chofer',NULL),(352,'SANTI03','root@localhost','Se inserto una nueva ruta','localhost','2022-05-20','22:46:28','Ruta',NULL),(353,'29398488','root@localhost','Se Modificaron los datos de un chofer','localhost','2022-05-20','22:55:01','Chofer',NULL),(354,'27290770','root@localhost','Se inserto un nuevo chofer','localhost','2022-05-20','22:58:55','Chofer',NULL),(359,'27290770','root@localhost','Se Modificaron los datos de un chofer','localhost','2022-05-20','23:04:35','Chofer',NULL),(360,'ROA126','root@localhost','Se inserto una nueva ruta','localhost','2022-05-20','23:12:17','Ruta',NULL),(361,'SANTI03','root@localhost','Se Modifico una ruta','localhost','2022-05-20','23:20:45','Ruta',NULL),(362,'SANTI03','root@localhost','Se Modifico una ruta','localhost','2022-05-20','23:20:52','Ruta',NULL),(363,'SANTI03','root@localhost','Se Modifico una ruta','localhost','2022-05-20','23:26:36','Ruta',NULL),(364,'SANTI03','root@localhost','Se Modifico una ruta','localhost','2022-05-20','23:26:52','Ruta',NULL),(365,'SANTI03','root@localhost','Se Modifico una ruta','localhost','2022-05-20','23:26:55','Ruta',NULL),(366,'SANTI03','root@localhost','Se Modifico una ruta','localhost','2022-05-20','23:27:16','Ruta',NULL),(367,'SANTI03','root@localhost','Se Modifico una ruta','localhost','2022-05-20','23:27:24','Ruta',NULL),(368,'29398488','root@localhost','Se Modificaron los datos de un chofer','localhost','2022-05-20','23:28:15','Chofer',NULL),(369,'29398488','root@localhost','Se Modificaron los datos de un chofer','localhost','2022-05-20','23:28:17','Chofer',NULL),(370,'29398488','root@localhost','Se Modificaron los datos de un chofer','localhost','2022-05-20','23:28:24','Chofer',NULL),(371,'20080946','root@localhost','Se inserto un nuevo chofer','localhost','2022-05-20','23:28:57','Chofer',NULL),(372,'GAP173','root@localhost','Se inserto una nueva ruta','localhost','2022-05-20','23:29:17','Ruta',NULL),(373,'3333385','root@localhost','Se Modifico un campo de esta tabla','localhost','2022-05-21','14:07:02','Usuario',NULL),(374,'SANTI03','root@localhost','Se inserto un nuevo mantenimiento','localhost','2022-05-21','19:50:31','Mantenimiento',NULL),(375,'OGA1703','root@localhost','Se modifico un mantenimiento','localhost','2022-05-21','20:17:18','Mantenimiento',NULL),(376,'EAP685','root@localhost','Se modifico un mantenimiento','localhost','2022-05-21','20:17:20','Mantenimiento',NULL),(377,'EAP685','root@localhost','Se modifico un mantenimiento','localhost','2022-05-21','20:17:22','Mantenimiento',NULL),(378,'OGA1703','root@localhost','Se modifico un mantenimiento','localhost','2022-05-21','20:17:23','Mantenimiento',NULL),(379,'VAS654','root@localhost','Se modifico un mantenimiento','localhost','2022-05-21','20:17:24','Mantenimiento',NULL),(380,'KVT47V','root@localhost','Se modifico un mantenimiento','localhost','2022-05-21','20:17:25','Mantenimiento',NULL),(381,'YYLA891','root@localhost','Se modifico un mantenimiento','localhost','2022-05-21','20:17:26','Mantenimiento',NULL),(382,'KOWP145','root@localhost','Se modifico un mantenimiento','localhost','2022-05-21','20:17:27','Mantenimiento',NULL),(383,'OGA1703','root@localhost','Se modifico un mantenimiento','localhost','2022-05-21','20:17:45','Mantenimiento',NULL),(384,'EAP685','root@localhost','Se modifico un mantenimiento','localhost','2022-05-21','20:17:51','Mantenimiento',NULL),(385,'OGA1703','root@localhost','Se modifico un mantenimiento','localhost','2022-05-21','20:17:54','Mantenimiento',NULL),(386,'EAP685','root@localhost','Se modifico un mantenimiento','localhost','2022-05-21','20:17:56','Mantenimiento',NULL),(387,'VAS654','root@localhost','Se modifico un mantenimiento','localhost','2022-05-21','20:17:59','Mantenimiento',NULL),(388,'KVT47V','root@localhost','Se modifico un mantenimiento','localhost','2022-05-21','20:18:02','Mantenimiento',NULL),(389,'YYLA891','root@localhost','Se modifico un mantenimiento','localhost','2022-05-21','20:18:05','Mantenimiento',NULL),(390,'KOWP145','root@localhost','Se modifico un mantenimiento','localhost','2022-05-21','20:18:08','Mantenimiento',NULL),(391,'SANTI03','root@localhost','Se modifico un mantenimiento','localhost','2022-05-21','20:41:13','Mantenimiento',NULL),(392,'SANTI03','root@localhost','Se modifico un mantenimiento','localhost','2022-05-21','20:41:22','Mantenimiento',NULL),(393,'SANTI03','root@localhost','Se modifico un mantenimiento','localhost','2022-05-21','20:46:29','Mantenimiento',NULL),(394,'SANTI03','root@localhost','Se modifico un mantenimiento','localhost','2022-05-21','20:46:46','Mantenimiento',NULL),(395,'OGA1703','root@localhost','Se registro una nueva reparacion','localhost','2022-05-21','21:53:09','Reparaciones',NULL),(396,'OGA1703','root@localhost','Se modifico una reparacion','localhost','2022-05-21','22:04:56','Reparacion',NULL),(397,'OGA1703','root@localhost','Se modifico una reparacion','localhost','2022-05-21','22:05:03','Reparacion',NULL),(398,'YYLA891','root@localhost','Se modifico una reparacion','localhost','2022-05-21','22:05:37','Reparacion',NULL),(399,'OGA1703','root@localhost','Se modifico una reparacion','localhost','2022-05-21','22:06:12','Reparacion',NULL),(400,'OGA1703','root@localhost','Se modifico una reparacion','localhost','2022-05-21','22:06:15','Reparacion',NULL),(401,'YYLA891','root@localhost','Se modifico una reparacion','localhost','2022-05-21','22:06:18','Reparacion',NULL),(402,'29398488','root@localhost','Se Modificaron los datos de un chofer','localhost','2022-05-21','22:06:33','Chofer',NULL),(403,'27290770','root@localhost','Se Modificaron los datos de un chofer','localhost','2022-05-21','22:06:39','Chofer',NULL),(404,'9243485','root@localhost','Se inserto un nuevo chofer','localhost','2022-05-21','22:07:06','Chofer',NULL),(405,'9243485','root@localhost','Se Modificaron los datos de un chofer','localhost','2022-05-21','22:07:13','Chofer',NULL),(406,'GAP173','root@localhost','Se Modifico una ruta','localhost','2022-05-21','22:07:32','Ruta',NULL),(407,'GAP173','root@localhost','Se Modifico una ruta','localhost','2022-05-21','22:07:36','Ruta',NULL),(408,'ORIANA12','root@localhost','Se inserto una nueva ruta','localhost','2022-05-21','22:07:59','Ruta',NULL),(409,'OGA1703','root@localhost','Se modifico una reparacion','localhost','2022-05-21','22:15:57','Reparacion',NULL),(410,'KOWP145','root@localhost','Se modifico una reparacion','localhost','2022-05-21','22:15:58','Reparacion',NULL),(411,'KVT47V','root@localhost','Se modifico una reparacion','localhost','2022-05-21','22:16:00','Reparacion',NULL),(412,'VAS654','root@localhost','Se modifico una reparacion','localhost','2022-05-21','22:16:01','Reparacion',NULL),(413,'YYLA891','root@localhost','Se modifico una reparacion','localhost','2022-05-21','22:16:02','Reparacion',NULL),(414,'29398488','root@localhost','Se elimino un Chofer del registro','localhost','2022-05-21','22:16:13','Choferes',NULL),(415,'27290770','root@localhost','Se elimino un Chofer del registro','localhost','2022-05-21','22:16:15','Choferes',NULL),(416,'9243485','root@localhost','Se elimino un Chofer del registro','localhost','2022-05-21','22:16:16','Choferes',NULL),(417,'20080946','root@localhost','Se elimino un Chofer del registro','localhost','2022-05-21','22:16:17','Choferes',NULL),(418,'ROA126','root@localhost','Se elimino una ruta','localhost','2022-05-21','22:16:26','Ruta',NULL),(419,'SANTI03','root@localhost','Se elimino una ruta','localhost','2022-05-21','22:16:29','Ruta',NULL),(420,'KOWP145','root@localhost','Se modifico un mantenimiento','localhost','2022-05-22','12:07:39','Mantenimiento',NULL),(421,'ORIANA12','root@localhost','Se inserto un nuevo mantenimiento','localhost','2022-05-22','12:09:06','Mantenimiento',NULL),(422,'26561633','root@localhost','Se inserto un nuevo chofer','localhost','2022-05-22','12:14:49','Chofer',NULL),(423,'95589666','root@localhost','Se inserto un nuevo chofer','localhost','2022-05-22','12:15:02','Chofer',NULL),(424,'30','root@localhost','Se inserto un nuevo chofer','localhost','2022-05-22','12:15:42','Chofer',NULL),(425,'30','root@localhost','Se Modificaron los datos de un chofer','localhost','2022-05-22','12:16:04','Chofer',NULL),(426,'YYLA891','root@localhost','Se inserto una nueva ruta','localhost','2022-05-22','12:16:45','Ruta',NULL),(427,'OGA1703','root@localhost','Se modifico una reparacion','localhost','2022-05-22','12:27:14','Reparacion',NULL),(428,'OGA1703','root@localhost','Se modifico una reparacion','localhost','2022-05-22','12:33:39','Reparacion',NULL),(429,'VAS654','root@localhost','Se modifico una reparacion','localhost','2022-05-22','12:40:07','Reparacion',NULL),(430,'OGA1703','root@localhost','Se registro una nueva reparacion','localhost','2022-05-22','12:48:45','Reparaciones',NULL),(431,'OGA1703','root@localhost','Se modifico una reparacion','localhost','2022-05-22','13:09:32','Reparacion',NULL),(432,'KOWP145','root@localhost','Se modifico una reparacion','localhost','2022-05-22','13:10:15','Reparacion',NULL),(433,'YYLA891','root@localhost','Se modifico una reparacion','localhost','2022-05-22','13:10:46','Reparacion',NULL),(434,'VAS654','root@localhost','Se modifico una reparacion','localhost','2022-05-22','13:11:17','Reparacion',NULL),(435,'KVT47V','root@localhost','Se modifico una reparacion','localhost','2022-05-22','13:11:53','Reparacion',NULL),(436,'OGA1703','root@localhost','Se modifico una reparacion','localhost','2022-05-22','13:13:39','Reparacion',NULL),(437,'OGA1703','root@localhost','Se modifico una reparacion','localhost','2022-05-22','13:13:59','Reparacion',NULL),(438,'OGA1703','root@localhost','Se modifico una reparacion','localhost','2022-05-22','13:14:48','Reparacion',NULL),(439,'YYLA891','root@localhost','Se modifico una reparacion','localhost','2022-05-22','13:20:25','Reparacion',NULL),(440,'YYLA891','root@localhost','Se modifico una reparacion','localhost','2022-05-22','13:22:26','Reparacion',NULL),(441,'YYLA891','root@localhost','Se modifico una reparacion','localhost','2022-05-22','13:22:39','Reparacion',NULL),(442,'YYLA891','root@localhost','Se modifico una reparacion','localhost','2022-05-22','13:24:45','Reparacion',NULL),(443,'OGA1703','root@localhost','Se modifico una reparacion','localhost','2022-05-22','13:25:52','Reparacion',NULL),(444,'KVT47V','root@localhost','Se modifico una reparacion','localhost','2022-05-22','13:26:33','Reparacion',NULL),(445,'OGA1703','root@localhost','Se modifico una reparacion','localhost','2022-05-22','13:28:05','Reparacion',NULL),(446,'KOWP145','root@localhost','Se modifico una reparacion','localhost','2022-05-22','13:28:52','Reparacion',NULL),(447,'OGA1703','root@localhost','Se modifico una reparacion','localhost','2022-05-22','13:29:08','Reparacion',NULL),(448,'ROA126','root@localhost','Se inserto un nuevo mantenimiento','localhost','2022-05-22','13:32:50','Mantenimiento',NULL),(449,'SANTI03','root@localhost','Se modifico un mantenimiento','localhost','2022-05-22','13:36:19','Mantenimiento',NULL),(450,'KOWP145','root@localhost','Se modifico un mantenimiento','localhost','2022-05-22','13:38:36','Mantenimiento',NULL),(451,'YYLA891','root@localhost','Se modifico un mantenimiento','localhost','2022-05-22','13:38:57','Mantenimiento',NULL),(452,'EAP685','root@localhost','Se modifico un mantenimiento','localhost','2022-05-22','13:40:11','Mantenimiento',NULL),(453,'OGA1703','root@localhost','Se modifico un mantenimiento','localhost','2022-05-22','13:41:15','Mantenimiento',NULL),(454,'OGA1703','root@localhost','Se modifico un mantenimiento','localhost','2022-05-22','13:49:32','Mantenimiento',NULL),(455,'VAS654','root@localhost','Se modifico un mantenimiento','localhost','2022-05-22','13:50:00','Mantenimiento',NULL),(456,'KVT47V','root@localhost','Se modifico un mantenimiento','localhost','2022-05-22','13:50:26','Mantenimiento',NULL),(457,'SANTI03','root@localhost','Se modifico un mantenimiento','localhost','2022-05-22','13:51:26','Mantenimiento',NULL),(458,'ROA126','root@localhost','Se modifico un mantenimiento','localhost','2022-05-22','13:52:11','Mantenimiento',NULL),(459,'OGA1703','root@localhost','Se modifico una reparacion','localhost','2022-05-22','13:53:56','Reparacion',NULL),(460,'OGA1703','root@localhost','Se modifico un mantenimiento','localhost','2022-05-22','14:11:00','Mantenimiento',NULL),(461,'VAS654','root@localhost','Se modifico un mantenimiento','localhost','2022-05-22','14:11:22','Mantenimiento',NULL),(462,'OGA1703','root@localhost','Se modifico una reparacion','localhost','2022-05-22','14:31:14','Reparacion',NULL),(463,'KVT47V','root@localhost','Se modifico una reparacion','localhost','2022-05-22','14:32:08','Reparacion',NULL),(464,'OGA1703','root@localhost','Se modifico una reparacion','localhost','2022-05-22','14:55:36','Reparacion',NULL),(465,'OGA1703','root@localhost','Se elimino una reparacion','localhost','2022-05-22','15:00:14','Reparaciones',NULL),(466,'KVT47V','root@localhost','Se elimino una reparacion','localhost','2022-05-22','15:02:35','Reparaciones',NULL),(467,'OGA1703','root@localhost','Se modifico una reparacion','localhost','2022-05-22','15:03:38','Reparacion',NULL),(468,'YYLA891','root@localhost','Se modifico una reparacion','localhost','2022-05-22','15:04:41','Reparacion',NULL),(469,'VAS654','root@localhost','Se elimino una reparacion','localhost','2022-05-22','15:05:37','Reparaciones',NULL),(470,'KVT47V','root@localhost','Se elimino una reparacion','localhost','2022-05-22','15:06:01','Reparaciones',NULL),(471,'OGA1703','root@localhost','Se modifico una reparacion','localhost','2022-05-22','15:06:43','Reparacion',NULL),(472,'4','root@localhost','Se elimino un rol','localhost','2022-05-29','12:29:28','Seguridad Roles',NULL),(473,'1','root@localhost','Se elimino un rol','localhost','2022-05-29','12:29:28','Seguridad Roles',NULL),(474,'2','root@localhost','Se elimino un rol','localhost','2022-05-29','12:29:28','Seguridad Roles',NULL),(475,'3','root@localhost','Se elimino un rol','localhost','2022-05-29','12:29:28','Seguridad Roles',NULL),(476,'95589666','root@localhost','Se elimino un usuario','localhost','2022-05-29','13:17:04','Usuario',NULL),(477,'9558962','root@localhost','Se elimino un usuario','localhost','2022-05-29','13:17:04','Usuario',NULL),(478,'30868382','root@localhost','Se elimino un usuario','localhost','2022-05-29','13:17:04','Usuario',NULL),(479,'26561633','root@localhost','Se elimino un usuario','localhost','2022-05-29','13:17:04','Usuario',NULL),(480,'PRUEBA','root@localhost','Se elimino un usuario','localhost','2022-05-29','13:17:05','Usuario',NULL),(481,'HHHH','root@localhost','Se elimino un usuario','localhost','2022-05-29','13:17:05','Usuario',NULL),(482,'26561631','root@localhost','Se elimino un usuario','localhost','2022-05-29','13:17:05','Usuario',NULL),(483,'95589666','root@localhost','Se elimino un usuario','localhost','2022-05-29','13:17:05','Usuario',NULL),(484,'28946711','root@localhost','Se elimino un usuario','localhost','2022-05-29','13:17:05','Usuario',NULL),(485,'95589666','root@localhost','Se elimino un usuario','localhost','2022-05-29','13:17:05','Usuario',NULL),(486,'3333385','root@localhost','Se elimino un usuario','localhost','2022-05-29','13:17:05','Usuario',NULL),(487,'0101','root@localhost','Se Modifico un campo de esta tabla','localhost','2022-05-29','13:18:16','Usuario',NULL),(488,'26561633','root@localhost','Se Modifico un campo de esta tabla','localhost','2022-05-29','13:18:39','Usuario',NULL),(489,'10847107','root@localhost','Se Modifico un campo de esta tabla','localhost','2022-05-29','13:19:03','Usuario',NULL),(490,'365874','root@localhost','Se Modifico un campo de esta tabla','localhost','2022-05-29','13:19:32','Usuario',NULL),(491,'OGA1703','root@localhost','Se modifico un mantenimiento','localhost','2022-05-29','14:02:10','Mantenimiento',NULL),(495,'1','root@localhost','Se creo un nuevo rol','localhost','2022-06-01','09:53:08',' Seguridad Roles',NULL),(496,'2','root@localhost','Se creo un nuevo rol','localhost','2022-06-01','09:53:08',' Seguridad Roles',NULL),(498,'26577823','root@localhost','Se elimino un usuario','localhost','2022-06-01','10:04:25','Usuario',NULL),(499,'365874','root@localhost','Se elimino un usuario','localhost','2022-06-01','10:04:25','Usuario',NULL),(500,'10847107','root@localhost','Se elimino un usuario','localhost','2022-06-01','10:04:26','Usuario',NULL),(501,'0101','root@localhost','Se elimino un usuario','localhost','2022-06-01','10:05:23','Usuario',NULL),(502,'26561633','root@localhost','Se elimino un usuario','localhost','2022-06-01','10:05:23','Usuario',NULL),(503,'26561633','root@localhost','Se inserto un nuevo usuario','localhost','2022-06-01','10:07:09','Usuario',NULL),(504,'9601788','root@localhost','Se inserto un nuevo usuario','localhost','2022-06-01','10:25:01','Usuario',NULL),(505,'12345678','root@localhost','Se inserto un nuevo usuario','localhost','2022-06-01','10:25:42','Usuario',NULL),(506,'1','root@localhost','Se elimino un rol','localhost','2022-06-01','10:27:59','Seguridad Roles',NULL),(507,'2','root@localhost','Se elimino un rol','localhost','2022-06-01','10:27:59','Seguridad Roles',NULL),(508,'1','root@localhost','Se creo un nuevo rol','localhost','2022-06-01','10:35:46',' Seguridad Roles',NULL),(509,'2','root@localhost','Se creo un nuevo rol','localhost','2022-06-01','10:35:46',' Seguridad Roles',NULL),(510,'3','root@localhost','Se creo un nuevo rol','localhost','2022-06-01','10:36:35',' Seguridad Roles',NULL),(511,'4','root@localhost','Se creo un nuevo rol','localhost','2022-06-01','10:36:35',' Seguridad Roles',NULL),(512,'26561633','root@localhost','Se inserto un nuevo usuario','localhost','2022-06-01','11:17:47','Usuario',NULL),(513,'010101','root@localhost','Se inserto un nuevo usuario','localhost','2022-06-01','11:18:46','Usuario',NULL),(516,'KVT47V','root@localhost','Se inserto una nueva ruta','localhost','2022-06-01','16:12:18','Ruta',NULL),(517,'KVT47V','root@localhost','Se Modifico una ruta','localhost','2022-06-01','16:15:06','Ruta',NULL),(518,'ROA126','root@localhost','Se inserto una nueva ruta','localhost','2022-06-01','16:19:07','Ruta',NULL),(519,'ROA126','root@localhost','Se Modifico una ruta','localhost','2022-06-01','16:21:41','Ruta',NULL),(520,'ROA126','root@localhost','Se Modifico una ruta','localhost','2022-06-01','16:21:43','Ruta',NULL),(521,'26561633','root@localhost','Se inserto un nuevo usuario','localhost','2022-06-07','09:09:36','Usuario',NULL),(522,'10847103','root@localhost','Se inserto un nuevo usuario','localhost','2022-06-07','09:11:02','Usuario',NULL),(523,'OGA1703','root@localhost','Se elimino un mantenimiento asociado a la placa sealada','localhost','2022-06-08','13:27:34','Mantenimientos',NULL),(524,'EAP685','root@localhost','Se elimino un mantenimiento asociado a la placa sealada','localhost','2022-06-08','13:27:34','Mantenimientos',NULL),(525,'OGA1703','root@localhost','Se elimino un mantenimiento asociado a la placa sealada','localhost','2022-06-08','13:27:34','Mantenimientos',NULL),(526,'EAP685','root@localhost','Se elimino un mantenimiento asociado a la placa sealada','localhost','2022-06-08','13:27:34','Mantenimientos',NULL),(527,'VAS654','root@localhost','Se elimino un mantenimiento asociado a la placa sealada','localhost','2022-06-08','13:27:35','Mantenimientos',NULL),(528,'KVT47V','root@localhost','Se elimino un mantenimiento asociado a la placa sealada','localhost','2022-06-08','13:27:35','Mantenimientos',NULL),(529,'YYLA891','root@localhost','Se elimino un mantenimiento asociado a la placa sealada','localhost','2022-06-08','13:27:35','Mantenimientos',NULL),(530,'KOWP145','root@localhost','Se elimino un mantenimiento asociado a la placa sealada','localhost','2022-06-08','13:27:35','Mantenimientos',NULL),(531,'SANTI03','root@localhost','Se elimino un mantenimiento asociado a la placa sealada','localhost','2022-06-08','13:27:35','Mantenimientos',NULL),(532,'ORIANA12','root@localhost','Se elimino un mantenimiento asociado a la placa sealada','localhost','2022-06-08','13:27:35','Mantenimientos',NULL),(533,'ROA126','root@localhost','Se elimino un mantenimiento asociado a la placa sealada','localhost','2022-06-08','13:27:35','Mantenimientos',NULL),(534,'10847103','root@localhost','Se Modifico un campo de esta tabla','localhost','2022-06-08','22:27:36','Usuario',NULL),(535,'26561633','root@localhost','Se Modifico un campo de esta tabla','localhost','2022-06-08','22:42:20','Usuario',NULL),(536,'OGA1703','root@localhost','Se inserto una nueva ruta','localhost','2022-06-08','23:58:01','Ruta',NULL),(537,'KOWP145','root@localhost','Se Modifico una ruta','localhost','2022-06-09','00:01:45','Ruta',NULL),(538,'KOWP145','root@localhost','Se Modifico una ruta','localhost','2022-06-09','00:02:24','Ruta',NULL),(539,'KOWP145','root@localhost','Se Modifico una ruta','localhost','2022-06-09','00:03:39','Ruta',NULL),(540,'KOWP145','root@localhost','Se Modifico una ruta','localhost','2022-06-09','00:04:13','Ruta',NULL),(541,'KOWP145','root@localhost','Se Modifico una ruta','localhost','2022-06-09','00:05:16','Ruta',NULL),(542,'OGA1703','root@localhost','Se Modifico una ruta','localhost','2022-06-09','00:05:31','Ruta',NULL),(543,'898PAJ4','root@localhost','Se Modifico una ruta','localhost','2022-06-09','00:07:38','Ruta',NULL),(544,'6','root@localhost','Se inserto un nuevo mantenimiento','localhost','2022-06-09','00:18:43','Mantenimiento',NULL),(545,'GAP173','root@localhost','Se Modifico una ruta','localhost','2022-06-09','00:26:10','Ruta',NULL),(546,'0','root@localhost','Se inserto un nuevo mantenimiento','localhost','2022-06-10','19:41:43','Mantenimiento',NULL),(547,'0','root@localhost','Se elimino un mantenimiento asociado a la placa sealada','localhost','2022-06-10','19:49:45','Mantenimientos',NULL),(548,'6','root@localhost','Se elimino un mantenimiento asociado a la placa sealada','localhost','2022-06-10','19:49:51','Mantenimientos',NULL),(549,'8','root@localhost','Se inserto un nuevo mantenimiento','localhost','2022-06-10','19:52:51','Mantenimiento',NULL),(550,'26561633','root@localhost','Se Modifico un campo de esta tabla','localhost','2022-06-11','10:12:18','Usuario',NULL),(551,'1','root@localhost','Se modifico un rol','localhost','2022-06-11','12:02:17','Seguridad Roles',NULL),(552,'1','root@localhost','Se modifico un rol','localhost','2022-06-11','12:02:57','Seguridad Roles',NULL),(553,'1','root@localhost','Se modifico un rol','localhost','2022-06-11','12:03:04','Seguridad Roles',NULL),(554,'4','root@localhost','Se modifico un rol','localhost','2022-06-11','12:03:11','Seguridad Roles',NULL),(555,'26561633','root@localhost','Se Modifico un campo de esta tabla','localhost','2022-06-11','14:25:20','Usuario',NULL),(556,'26561633','root@localhost','Se Modifico un campo de esta tabla','localhost','2022-06-11','14:26:29','Usuario',NULL),(557,'1','root@localhost','Se inserto un nuevo mantenimiento','localhost','2022-06-22','20:14:49','Mantenimiento',NULL),(572,'8','root@localhost','Se modifico un mantenimiento','localhost','2022-06-23','10:10:46','Mantenimiento',NULL),(573,'8','root@localhost','Se modifico un mantenimiento','localhost','2022-06-23','10:11:03','Mantenimiento',NULL),(574,'1','root@localhost','Se modifico un mantenimiento','localhost','2022-06-23','10:19:42','Mantenimiento',NULL),(575,'1','root@localhost','Se modifico un mantenimiento','localhost','2022-06-23','10:23:44','Mantenimiento',NULL),(576,'8','root@localhost','Se modifico un mantenimiento','localhost','2022-06-23','10:29:41','Mantenimiento',NULL),(577,'8','root@localhost','Se modifico un mantenimiento','localhost','2022-06-23','10:30:54','Mantenimiento',NULL),(578,'6','root@localhost','Se inserto un nuevo mantenimiento','localhost','2022-06-23','11:44:57','Mantenimiento',NULL),(579,'6','root@localhost','Se modifico un mantenimiento','localhost','2022-06-23','11:45:34','Mantenimiento',NULL),(580,'1','root@localhost','Se modifico un mantenimiento','localhost','2022-06-23','11:45:52','Mantenimiento',NULL),(581,'cdfvdvgf','root@localhost','Se inserto un nuevo usuario','localhost','2022-06-23','20:15:51','Usuario',NULL),(582,'papap','root@localhost','Se inserto un nuevo usuario','localhost','2022-06-23','21:24:44','Usuario',NULL),(583,'55856336','root@localhost','Se inserto un nuevo usuario','localhost','2022-06-23','21:31:09','Usuario',NULL),(584,'88998917','root@localhost','Se inserto un nuevo usuario','localhost','2022-06-23','21:34:52','Usuario',NULL),(585,'010101','root@localhost','Se Modifico un campo de esta tabla','localhost','2022-06-23','21:36:56','Usuario',NULL),(586,'cdfvdvgf','root@localhost','Se Modifico un campo de esta tabla','localhost','2022-06-23','21:38:17','Usuario',NULL),(587,'KOWP145','root@localhost','Se Modifico una ruta','localhost','2022-06-25','14:16:59','Ruta',NULL),(588,'GAP173','root@localhost','Se Modifico una ruta','localhost','2022-06-25','14:17:17','Ruta',NULL),(589,'LALI2300','root@localhost','Se inserto una nueva ruta','localhost','2022-06-25','14:56:03','Ruta',NULL),(590,'GAP173','root@localhost','Se Modifico una ruta','localhost','2022-06-25','14:56:56','Ruta',NULL),(591,'YYLA891','root@localhost','Se Modifico una ruta','localhost','2022-06-25','14:57:16','Ruta',NULL),(592,'LALI2300','root@localhost','Se inserto una nueva ruta','localhost','2022-06-25','15:02:27','Ruta',NULL),(593,'KVT47V','root@localhost','Se Modifico una ruta','localhost','2022-06-25','15:10:09','Ruta',NULL),(594,'ORIANA12','root@localhost','Se Modifico una ruta','localhost','2022-06-25','15:11:09','Ruta',NULL),(595,'EAP685','root@localhost','Se inserto una nueva ruta','localhost','2022-06-25','15:25:42','Ruta',NULL),(596,'ROA126','root@localhost','Se Modifico una ruta','localhost','2022-06-25','15:26:02','Ruta',NULL),(597,'ROA126','root@localhost','Se Modifico una ruta','localhost','2022-06-25','15:36:56','Ruta',NULL),(598,'LALI2300','root@localhost','Se Modifico una ruta','localhost','2022-06-25','15:51:58','Ruta',NULL),(599,'EAP685','root@localhost','Se Modifico una ruta','localhost','2022-06-25','16:02:05','Ruta',NULL),(600,'EAP685','root@localhost','Se Modifico una ruta','localhost','2022-06-25','16:05:54','Ruta',NULL),(601,'GAP173','root@localhost','Se inserto una nueva ruta','localhost','2022-06-25','16:18:47','Ruta',NULL),(606,'EAP685','root@localhost','Se Modifico una ruta','localhost','2022-06-25','16:21:09','Ruta',NULL),(607,'ORIANA12','root@localhost','Se Modifico una ruta','localhost','2022-06-25','16:21:31','Ruta',NULL),(608,'EAP685','root@localhost','Se Modifico una ruta','localhost','2022-06-25','16:21:53','Ruta',NULL),(609,'98657412','root@localhost','Se Modifico un campo de esta tabla','localhost','2022-06-25','18:21:55','Usuario',NULL),(615,'papap','root@localhost','Se Modifico un campo de esta tabla','localhost','2022-06-25','18:25:25','Usuario',NULL),(616,'10847103','root@localhost','Se Modifico un campo de esta tabla','localhost','2022-06-27','10:45:58','Usuario',NULL),(617,'898PAJ4','root@localhost','Se Modifico una ruta','localhost','2022-06-27','12:50:57','Ruta',NULL),(618,'35','root@localhost','Se inserto un nuevo mantenimiento','localhost','2022-06-27','15:26:07','Mantenimiento',NULL),(619,'35','root@localhost','Se modifico un mantenimiento','localhost','2022-06-27','15:27:02','Mantenimiento',NULL),(620,'37','root@localhost','Se inserto un nuevo mantenimiento','localhost','2022-06-27','15:27:35','Mantenimiento',NULL),(621,'13','root@localhost','Se inserto un nuevo mantenimiento','localhost','2022-06-30','13:14:49','Mantenimiento',NULL),(622,'OGA1703','root@localhost','Se modifico una reparacion','localhost','2022-06-30','13:47:26','Reparacion',NULL),(623,'KVT47V','root@localhost','Se registro una nueva reparacion','localhost','2022-06-30','13:52:05','Reparaciones',NULL),(624,'KVT47V','root@localhost','Se modifico una reparacion','localhost','2022-06-30','13:52:40','Reparacion',NULL),(625,'6265541','root@localhost','Se registro una nueva reparacion','localhost','2022-06-30','13:55:24','Reparaciones',NULL),(626,'6265541','root@localhost','Se modifico una reparacion','localhost','2022-06-30','13:56:46','Reparacion',NULL),(627,'SANTI03','root@localhost','Se modifico una reparacion','localhost','2022-06-30','13:56:56','Reparacion',NULL),(628,'SANTI03','root@localhost','Se modifico una reparacion','localhost','2022-06-30','13:57:13','Reparacion',NULL),(629,'OGA1703','root@localhost','Se registro una nueva reparacion','localhost','2022-06-30','14:00:14','Reparaciones',NULL),(630,'OGA1703','root@localhost','Se registro una nueva reparacion','localhost','2022-06-30','14:04:29','Reparaciones',NULL),(631,'OGA1703','root@localhost','Se modifico una reparacion','localhost','2022-06-30','14:07:04','Reparacion',NULL),(632,'55856336','root@localhost','Se Modifico un campo de esta tabla','localhost','2022-06-30','14:29:39','Usuario',NULL),(633,'55856336','root@localhost','Se Modifico un campo de esta tabla','localhost','2022-06-30','14:30:11','Usuario',NULL),(634,'OGA1703','root@localhost','Se elimino una reparacion','localhost','2022-07-01','16:08:59','Reparaciones',NULL),(635,'KOWP145','root@localhost','Se elimino una reparacion','localhost','2022-07-01','16:08:59','Reparaciones',NULL),(636,'YYLA891','root@localhost','Se elimino una reparacion','localhost','2022-07-01','16:08:59','Reparaciones',NULL),(637,'KVT47V','root@localhost','Se elimino una reparacion','localhost','2022-07-01','16:08:59','Reparaciones',NULL),(638,'OGA1703','root@localhost','Se elimino una reparacion','localhost','2022-07-01','16:08:59','Reparaciones',NULL),(639,'KVT47V','root@localhost','Se elimino una reparacion','localhost','2022-07-01','16:08:59','Reparaciones',NULL),(640,'OGA1703','root@localhost','Se elimino una reparacion','localhost','2022-07-01','16:08:59','Reparaciones',NULL),(641,'sdsd','root@localhost','Se inserto un nuevo chofer','localhost','2022-07-04','15:51:15','Chofer',NULL),(642,'26561633','root@localhost','Se Modificaron los datos de un chofer','localhost','2022-07-04','15:54:57','Chofer',NULL),(643,'26561633','root@localhost','Se Modificaron los datos de un chofer','localhost','2022-07-04','16:52:55','Chofer',NULL),(644,'sdsd','root@localhost','Se Modificaron los datos de un chofer','localhost','2022-07-04','16:53:45','Chofer',NULL),(645,'01234567','root@localhost','Se inserto un nuevo chofer','localhost','2022-07-04','17:15:58','Chofer',NULL),(646,'1','root@localhost','Se modifico un rol','localhost','2022-07-04','17:37:45','Seguridad Roles',NULL),(647,'6','root@localhost','Se inserto un nuevo mantenimiento','localhost','2022-07-06','19:57:21','Mantenimiento',NULL),(648,'26561634','root@localhost','Se Modificaron los datos de un chofer','localhost','2022-07-06','20:10:27','Chofer',NULL),(649,'sdsd','root@localhost','Se Modificaron los datos de un chofer','localhost','2022-07-06','20:10:39','Chofer',NULL),(650,'01010848','root@localhost','Se inserto un nuevo chofer','localhost','2022-07-06','20:22:35','Chofer',NULL),(651,'12345667','root@localhost','Se inserto un nuevo chofer','localhost','2022-07-06','20:24:43','Chofer',NULL),(652,'12345667','root@localhost','Se Modificaron los datos de un chofer','localhost','2022-07-06','20:25:01','Chofer',NULL),(653,'sdsd','root@localhost','Se Modificaron los datos de un chofer','localhost','2022-07-06','20:26:07','Chofer',NULL),(654,'sdsd','root@localhost','Se Modificaron los datos de un chofer','localhost','2022-07-06','20:26:27','Chofer',NULL),(655,'4','root@localhost','Se modifico un rol','localhost','2022-07-06','21:20:51','Seguridad Roles',NULL),(656,'0','root@localhost','Se registro una nueva reparacion','localhost','2022-07-07','15:35:21','Reparaciones',NULL),(657,'0','root@localhost','Se registro una nueva reparacion','localhost','2022-07-07','16:41:19','Reparaciones',NULL),(658,'26561634','root@localhost','Se Modificaron los datos de un chofer','localhost','2022-07-18','10:31:04','Chofer',NULL),(659,'sdsd','root@localhost','Se Modificaron los datos de un chofer','localhost','2022-07-18','10:31:20','Chofer',NULL),(660,'26561633','root@localhost','Se Modifico un campo de esta tabla','localhost','2022-07-18','11:20:00','Usuario',NULL);
/*!40000 ALTER TABLE `bitacora` ENABLE KEYS */;
UNLOCK TABLES;

--
-- Table structure for table `choferes`
--

DROP TABLE IF EXISTS `choferes`;
/*!40101 SET @saved_cs_client     = @@character_set_client */;
/*!50503 SET character_set_client = utf8mb4 */;
CREATE TABLE `choferes` (
  `id_choferes` int NOT NULL AUTO_INCREMENT,
  `placa` varchar(100) CHARACTER SET utf8 COLLATE utf8_bin DEFAULT NULL,
  `nombre` varchar(20) CHARACTER SET utf8 COLLATE utf8_bin DEFAULT NULL,
  `apellido` varchar(20) CHARACTER SET utf8 COLLATE utf8_bin DEFAULT NULL,
  `cedula` varchar(100) CHARACTER SET utf8 COLLATE utf8_bin NOT NULL,
  `telefono` varchar(11) CHARACTER SET utf8 COLLATE utf8_bin DEFAULT NULL,
  `status` int DEFAULT NULL,
  PRIMARY KEY (`id_choferes`),
  UNIQUE KEY `cedula` (`cedula`),
  KEY `fk_placa` (`placa`),
  CONSTRAINT `fk_placa` FOREIGN KEY (`placa`) REFERENCES `vehiculos` (`placa`)
) ENGINE=InnoDB AUTO_INCREMENT=21 DEFAULT CHARSET=utf8mb3 COLLATE=utf8_bin;
/*!40101 SET character_set_client = @saved_cs_client */;

--
-- Dumping data for table `choferes`
--

LOCK TABLES `choferes` WRITE;
/*!40000 ALTER TABLE `choferes` DISABLE KEYS */;
INSERT INTO `choferes` VALUES (1,'EAP685','Oriana','Armas','26561634','04160360067',1),(2,'GAP173','ERWIN ELIAS','ARMAS GONZALEZ','95589666','04160360067',1),(3,'898PAJ4','Elias','GOGOGOGOGOG','308386512','0412788593',1),(4,'KOWP145','sds','sds','fdfc','sds',0),(5,'KVT47V','zzzzz','sdszz','0123456789','05485452854',1),(6,'KOWP145','ccc','ccc','01010848441','04160360044',1),(7,'KVT47V','xcxc','xccx','12345667896','89988888585',1);
/*!40000 ALTER TABLE `choferes` ENABLE KEYS */;
UNLOCK TABLES;

--
-- Table structure for table `mantenimientos`
--

DROP TABLE IF EXISTS `mantenimientos`;
/*!40101 SET @saved_cs_client     = @@character_set_client */;
/*!50503 SET character_set_client = utf8mb4 */;
CREATE TABLE `mantenimientos` (
  `id_mantenimiento` int NOT NULL AUTO_INCREMENT,
  `kilometraje` int DEFAULT NULL,
  `tiempo` varchar(20) CHARACTER SET utf8 COLLATE utf8_bin NOT NULL,
  `id_vehiculo` int NOT NULL,
  `nombre` varchar(30) CHARACTER SET utf8 COLLATE utf8_bin NOT NULL,
  `costo` varchar(30) CHARACTER SET utf8 COLLATE utf8_bin NOT NULL,
  `fecha` date DEFAULT NULL,
  `status` int DEFAULT NULL,
  `id_taller` int NOT NULL,
  PRIMARY KEY (`id_mantenimiento`),
  KEY `fk_idtaller` (`id_taller`),
  KEY `fk_idvehiculo` (`id_vehiculo`),
  CONSTRAINT `fk_idtaller` FOREIGN KEY (`id_taller`) REFERENCES `taller` (`id_taller`),
  CONSTRAINT `fk_idvehiculo` FOREIGN KEY (`id_vehiculo`) REFERENCES `vehiculos` (`id_vehiculo`)
) ENGINE=InnoDB AUTO_INCREMENT=17 DEFAULT CHARSET=utf8mb3 COLLATE=utf8_bin;
/*!40101 SET character_set_client = @saved_cs_client */;

--
-- Dumping data for table `mantenimientos`
--

LOCK TABLES `mantenimientos` WRITE;
/*!40000 ALTER TABLE `mantenimientos` DISABLE KEYS */;
INSERT INTO `mantenimientos` VALUES (1,300,'1',8,'Bujias','500','2022-06-01',1,1),(2,350,'1',1,'Pastillas de freno','15','2022-06-02',1,3),(3,300,'7',6,'Cambio de Aceite','15.0','2022-02-15',1,2),(4,16,'9',35,'Mantenimiento programado','40','2022-06-15',1,15),(5,14,'8',37,'Bujias','9','2022-06-08',1,10),(6,30,'100',13,'Cambio de Aceite','14','2022-06-09',1,14),(7,30,'100',6,'Mantenimiento programado','9000','2022-07-07',1,3);
/*!40000 ALTER TABLE `mantenimientos` ENABLE KEYS */;
UNLOCK TABLES;

--
-- Table structure for table `notificaciones`
--

DROP TABLE IF EXISTS `notificaciones`;
/*!40101 SET @saved_cs_client     = @@character_set_client */;
/*!50503 SET character_set_client = utf8mb4 */;
CREATE TABLE `notificaciones` (
  `id_notificacion` int NOT NULL AUTO_INCREMENT,
  `estado` int NOT NULL,
  `fecha` datetime DEFAULT CURRENT_TIMESTAMP,
  `titulo` varchar(30) COLLATE utf8_bin NOT NULL,
  `contenido` text COLLATE utf8_bin NOT NULL,
  `id_vehiculo` int NOT NULL,
  PRIMARY KEY (`id_notificacion`),
  KEY `id_vehiculo` (`id_vehiculo`),
  CONSTRAINT `notificaciones_ibfk_1` FOREIGN KEY (`id_vehiculo`) REFERENCES `vehiculos` (`id_vehiculo`)
) ENGINE=InnoDB DEFAULT CHARSET=utf8mb3 COLLATE=utf8_bin;
/*!40101 SET character_set_client = @saved_cs_client */;

--
-- Dumping data for table `notificaciones`
--

LOCK TABLES `notificaciones` WRITE;
/*!40000 ALTER TABLE `notificaciones` DISABLE KEYS */;
/*!40000 ALTER TABLE `notificaciones` ENABLE KEYS */;
UNLOCK TABLES;

--
-- Table structure for table `permisos`
--

DROP TABLE IF EXISTS `permisos`;
/*!40101 SET @saved_cs_client     = @@character_set_client */;
/*!50503 SET character_set_client = utf8mb4 */;
CREATE TABLE `permisos` (
  `id_permisos` int NOT NULL,
  `nombre` varchar(50) CHARACTER SET utf8 COLLATE utf8_bin NOT NULL,
  `status` int NOT NULL,
  `creado` date NOT NULL,
  `modificado` date NOT NULL,
  PRIMARY KEY (`id_permisos`)
) ENGINE=InnoDB DEFAULT CHARSET=utf8mb3 COLLATE=utf8_bin;
/*!40101 SET character_set_client = @saved_cs_client */;

--
-- Dumping data for table `permisos`
--

LOCK TABLES `permisos` WRITE;
/*!40000 ALTER TABLE `permisos` DISABLE KEYS */;
INSERT INTO `permisos` VALUES (1,'usuarios',1,'2022-06-01','2022-06-01'),(2,'registrar usuario',1,'2022-06-01','2022-06-01'),(3,'editar usuario',1,'2022-06-01','2022-06-01'),(4,'eliminar usuario',1,'2022-06-01','2022-06-01'),(5,'vehiculos',1,'2022-06-01','2022-06-01'),(6,'registrar vehiculo',1,'2022-06-01','2022-06-01'),(7,'eliminar vehiculo',1,'2022-06-01','2022-06-01'),(8,'editar vehiculo',1,'2022-06-01','2022-06-01'),(9,'chofer',1,'2022-06-01','2022-06-01'),(10,'registrar chofer',1,'2022-06-01','2022-06-01'),(11,'editar chofer',1,'2022-06-01','2022-06-01'),(12,'eliminar chofer',1,'2022-06-01','2022-06-01'),(13,'ruta',1,'2022-06-01','2022-06-01'),(14,'registrar ruta',1,'2022-06-01','2022-06-01'),(15,'editar ruta',1,'2022-06-01','2022-06-01'),(16,'eliminar ruta',1,'2022-06-01','2022-06-01'),(18,'taller',1,'2022-06-01','2022-06-01'),(19,'registrar taller',1,'2022-06-01','2022-06-01'),(20,'eliminar taller',1,'2022-06-01','2022-06-01'),(21,'editar taller',1,'2022-06-01','2022-06-01'),(22,'mantenimiento',1,'2022-06-01','2022-06-01'),(23,'registrar mantenimiento',1,'2022-06-01','2022-06-01'),(24,'editar mantenimiento',1,'2022-06-01','2022-06-01'),(25,'eliminar mantenimiento',1,'2022-06-01','2022-06-01'),(26,'seguridad',1,'2022-06-01','2022-06-01'),(27,'editar seguridad',1,'2022-06-01','2022-06-01'),(28,'registrar seguridad',1,'2022-06-01','2022-06-01'),(29,'eliminar seguridad',1,'2022-06-01','2022-06-01'),(30,'reportes',1,'2022-06-01','2022-06-01');
/*!40000 ALTER TABLE `permisos` ENABLE KEYS */;
UNLOCK TABLES;

--
-- Table structure for table `reparaciones`
--

DROP TABLE IF EXISTS `reparaciones`;
/*!40101 SET @saved_cs_client     = @@character_set_client */;
/*!50503 SET character_set_client = utf8mb4 */;
CREATE TABLE `reparaciones` (
  `id_reparaciones` int NOT NULL AUTO_INCREMENT,
  `id_vehiculo` int NOT NULL,
  `nombre` varchar(30) CHARACTER SET utf8 COLLATE utf8_bin NOT NULL,
  `costo` varchar(30) CHARACTER SET utf8 COLLATE utf8_bin NOT NULL,
  `fecha` date DEFAULT NULL,
  `descripcion` varchar(200) CHARACTER SET utf8 COLLATE utf8_bin DEFAULT NULL,
  `status` int DEFAULT NULL,
  `id_taller` int NOT NULL,
  PRIMARY KEY (`id_reparaciones`)
) ENGINE=InnoDB AUTO_INCREMENT=10 DEFAULT CHARSET=utf8mb3 COLLATE=utf8_bin;
/*!40101 SET character_set_client = @saved_cs_client */;

--
-- Dumping data for table `reparaciones`
--

LOCK TABLES `reparaciones` WRITE;
/*!40000 ALTER TABLE `reparaciones` DISABLE KEYS */;
INSERT INTO `reparaciones` VALUES (1,0,'Elias','20000','2022-07-07','nn',1,0),(2,0,'Bombilla','8','2022-06-30','exploto una luz tracera',1,0);
/*!40000 ALTER TABLE `reparaciones` ENABLE KEYS */;
UNLOCK TABLES;

--
-- Table structure for table `roles`
--

DROP TABLE IF EXISTS `roles`;
/*!40101 SET @saved_cs_client     = @@character_set_client */;
/*!50503 SET character_set_client = utf8mb4 */;
CREATE TABLE `roles` (
  `id_rol` int NOT NULL,
  `nombre_rol` varchar(15) CHARACTER SET utf8 COLLATE utf8_bin NOT NULL,
  `descripcion` varchar(60) CHARACTER SET utf8 COLLATE utf8_bin DEFAULT NULL,
  `status` int DEFAULT NULL,
  PRIMARY KEY (`id_rol`)
) ENGINE=InnoDB DEFAULT CHARSET=utf8mb3 COLLATE=utf8_bin;
/*!40101 SET character_set_client = @saved_cs_client */;

--
-- Dumping data for table `roles`
--

LOCK TABLES `roles` WRITE;
/*!40000 ALTER TABLE `roles` DISABLE KEYS */;
INSERT INTO `roles` VALUES (1,'Administrador','Es el superusuario de este sistema.',1),(2,'Secretaria','permiso para ver y editar menos la seguridad, incluye usuari',1),(3,'UsuarioEstandar','Solo puede consultar',1),(4,'Chofer','solo consulta rutas',1);
/*!40000 ALTER TABLE `roles` ENABLE KEYS */;
UNLOCK TABLES;

--
-- Table structure for table `roles_permisos`
--

DROP TABLE IF EXISTS `roles_permisos`;
/*!40101 SET @saved_cs_client     = @@character_set_client */;
/*!50503 SET character_set_client = utf8mb4 */;
CREATE TABLE `roles_permisos` (
  `rol_id` int NOT NULL,
  `permisos_id` int NOT NULL,
  `creado` date NOT NULL,
  `modificado` date NOT NULL,
  KEY `fk_rol_idd` (`rol_id`),
  KEY `fk_permiso_id` (`permisos_id`),
  CONSTRAINT `fk_permiso_id` FOREIGN KEY (`permisos_id`) REFERENCES `permisos` (`id_permisos`),
  CONSTRAINT `fk_rol_idd` FOREIGN KEY (`rol_id`) REFERENCES `roles` (`id_rol`)
) ENGINE=InnoDB DEFAULT CHARSET=utf8mb3 COLLATE=utf8_bin;
/*!40101 SET character_set_client = @saved_cs_client */;

--
-- Dumping data for table `roles_permisos`
--

LOCK TABLES `roles_permisos` WRITE;
/*!40000 ALTER TABLE `roles_permisos` DISABLE KEYS */;
INSERT INTO `roles_permisos` VALUES (1,1,'0000-00-00','0000-00-00'),(1,4,'0000-00-00','0000-00-00'),(1,3,'0000-00-00','0000-00-00'),(1,4,'0000-00-00','0000-00-00'),(2,5,'0000-00-00','0000-00-00'),(3,9,'2022-06-01','2022-06-01'),(3,13,'2022-06-01','2022-06-01'),(1,1,'0000-00-00','0000-00-00'),(1,4,'0000-00-00','0000-00-00'),(1,3,'0000-00-00','0000-00-00'),(1,4,'0000-00-00','0000-00-00'),(2,5,'0000-00-00','0000-00-00'),(3,9,'2022-06-01','2022-06-01'),(3,13,'2022-06-01','2022-06-01'),(1,13,'2022-06-07','2022-06-07'),(1,14,'2022-06-07','2022-06-07'),(1,16,'2022-06-07','2022-06-07'),(1,5,'2022-06-07','2022-06-07'),(1,7,'2022-06-07','2022-06-07'),(1,22,'2022-06-08','2022-06-08'),(1,18,'2022-06-08','2022-06-08'),(1,26,'2022-06-08','2022-06-08'),(1,30,'2022-06-08','2022-06-08'),(1,18,'2022-06-08','2022-06-08'),(3,30,'2022-06-08','2022-06-08'),(3,13,'2022-06-08','2022-06-08'),(3,30,'2022-06-08','2022-06-08'),(3,5,'2022-06-08','2022-06-08'),(4,13,'2022-06-08','2022-06-08'),(4,22,'2022-06-08','2022-06-08'),(2,1,'2022-06-08','2022-06-08'),(2,5,'2022-06-08','2022-06-08'),(2,13,'2022-06-08','2022-06-08'),(2,30,'2022-06-08','2022-06-08'),(1,2,'2022-06-08','2022-06-08'),(1,6,'2022-06-08','2022-06-08'),(1,8,'2022-06-08','2022-06-08'),(1,14,'2022-06-08','2022-06-08'),(1,15,'2022-06-08','2022-06-08'),(1,8,'2022-06-08','2022-06-08'),(1,10,'2022-07-01','2022-07-01'),(1,11,'2022-07-01','2022-07-01'),(1,9,'2022-07-01','2022-07-01'),(1,10,'2022-07-01','2022-07-01');
/*!40000 ALTER TABLE `roles_permisos` ENABLE KEYS */;
UNLOCK TABLES;

--
-- Table structure for table `rutas`
--

DROP TABLE IF EXISTS `rutas`;
/*!40101 SET @saved_cs_client     = @@character_set_client */;
/*!50503 SET character_set_client = utf8mb4 */;
CREATE TABLE `rutas` (
  `id_ruta` int NOT NULL,
  `placa` varchar(100) CHARACTER SET utf8 COLLATE utf8_bin NOT NULL,
  `nombre_ruta` varchar(50) CHARACTER SET utf8 COLLATE utf8_bin NOT NULL,
  `direccion_ruta` varchar(250) CHARACTER SET utf8 COLLATE utf8_bin DEFAULT NULL,
  `hora_salida` time DEFAULT NULL,
  `kilometraje` varchar(11) CHARACTER SET utf8 COLLATE utf8_bin NOT NULL,
  `status` int DEFAULT NULL,
  `cantidad` int NOT NULL,
  `fecha_inicio` date DEFAULT NULL,
  `fecha_fin` date DEFAULT NULL,
  PRIMARY KEY (`nombre_ruta`),
  KEY `placa` (`placa`)
) ENGINE=InnoDB DEFAULT CHARSET=utf8mb3 COLLATE=utf8_bin;
/*!40101 SET character_set_client = @saved_cs_client */;

--
-- Dumping data for table `rutas`
--

LOCK TABLES `rutas` WRITE;
/*!40000 ALTER TABLE `rutas` DISABLE KEYS */;
INSERT INTO `rutas` VALUES (7,'898PAJ4','Barrio Union','calle cuatro con seis hasta la macias','13:15:00','8,3',1,0,NULL,NULL),(10,'GAP173','Corrido Rapido','Centro Ciudad','23:29:00','15,7',0,0,NULL,NULL),(17,'LALI23001','Francia Paris','av la salle con corpahuaico 44','03:02:00','6,2',1,0,NULL,NULL),(11,'ORIANA123','Oeste centro','pescadito cuatro con catorce','22:07:00','6,5',1,0,NULL,NULL),(19,'GAP173','Santa Rosalia','avenida cinco con trece','17:18:00','5,2',1,0,NULL,NULL),(12,'YYLA891','UPTAEB','av la salle con corpahuaico','12:15:00','11,2',1,0,NULL,NULL),(16,'LALI2300','UPTAEB-CENTRO','Lara','17:54:00','16,5',1,0,NULL,NULL),(18,'EAP685','UPTAEBaa','Pueblo Nuevo con calle tres','14:24:00','14,7',1,0,NULL,NULL),(1,'KOWP145','Zona Norte','Zona norte, Yucatan','12:30:00','1,5',1,0,NULL,NULL),(13,'KVT47V','el espanto','calle 13 con carrera 43','01:15:00','10,0',1,0,NULL,NULL),(20,'ELI778','fgfg','dfffdg','14:35:00','14',1,1,'2022-07-18','2022-07-18'),(14,'ROA126','hno juan','av la salle con corpahuaico','16:19:00','16,5',1,0,NULL,NULL),(15,'OGA1703','upteb-oeste macias','Macias Mujica bloque 24','00:15:00','9,5',1,0,NULL,NULL);
/*!40000 ALTER TABLE `rutas` ENABLE KEYS */;
UNLOCK TABLES;

--
-- Table structure for table `taller`
--

DROP TABLE IF EXISTS `taller`;
/*!40101 SET @saved_cs_client     = @@character_set_client */;
/*!50503 SET character_set_client = utf8mb4 */;
CREATE TABLE `taller` (
  `id_taller` int NOT NULL,
  `rif` varchar(15) CHARACTER SET utf8 COLLATE utf8_bin NOT NULL,
  `nombre` varchar(30) CHARACTER SET utf8 COLLATE utf8_bin NOT NULL,
  `direccion` varchar(200) CHARACTER SET utf8 COLLATE utf8_bin DEFAULT NULL,
  `informacion_contacto` varchar(12) CHARACTER SET utf8 COLLATE utf8_bin DEFAULT NULL,
  `status` int DEFAULT NULL,
  PRIMARY KEY (`id_taller`)
) ENGINE=InnoDB DEFAULT CHARSET=utf8mb3 COLLATE=utf8_bin;
/*!40101 SET character_set_client = @saved_cs_client */;

--
-- Dumping data for table `taller`
--

LOCK TABLES `taller` WRITE;
/*!40000 ALTER TABLE `taller` DISABLE KEYS */;
INSERT INTO `taller` VALUES (1,'E-9601788 ','Mcqueen','Libertador con 37','02514423626',1),(2,'J-26561633','ORI','MACIAS','04145448669',1),(3,'E-12348369-1','Michellin','calle cinco','02512344589',1),(4,'J-17031998','Fernandez ','60 con 13','025144778869',1),(6,'J-30868368','Kiara','SantaIsabel','02517786942',1),(7,'J-78455133','La Ingra','El araguaney','04148756312',1),(8,'V-26561633','Las Shakiras','barrio Union','04145448669',0),(9,'J-59745526','Twigns','Macias Mujica','041454487922',1),(10,'J-12345678','XXX','CALLE QUINTA','04145448669',1),(11,'G-96017881','xxx','xxXXX','14547788205',1),(12,'J-15010101','dddddddddd','Waikiki','04127721353',1),(13,'J-14287821','dddddddddd','Waikiki','04127721353',1),(14,'J-00000001','Waikiki','Santos Luzardo','02514423626',1),(15,'E-65893278','Gitana','KLSKSKS','04127721353',1);
/*!40000 ALTER TABLE `taller` ENABLE KEYS */;
UNLOCK TABLES;

--
-- Table structure for table `tipos`
--

DROP TABLE IF EXISTS `tipos`;
/*!40101 SET @saved_cs_client     = @@character_set_client */;
/*!50503 SET character_set_client = utf8mb4 */;
CREATE TABLE `tipos` (
  `id_tipos` int NOT NULL,
  `nombre_tipo` varchar(50) CHARACTER SET utf8 COLLATE utf8_bin NOT NULL,
  `descripcion` varchar(200) CHARACTER SET utf8 COLLATE utf8_bin DEFAULT NULL,
  `tiempo` varchar(20) CHARACTER SET utf8 COLLATE utf8_bin DEFAULT NULL,
  `status` int DEFAULT NULL
) ENGINE=InnoDB DEFAULT CHARSET=utf8mb3 COLLATE=utf8_bin;
/*!40101 SET character_set_client = @saved_cs_client */;

--
-- Dumping data for table `tipos`
--

LOCK TABLES `tipos` WRITE;
/*!40000 ALTER TABLE `tipos` DISABLE KEYS */;
INSERT INTO `tipos` VALUES (2,'Cambio de aceite','renovacion ','1',1),(5,'Cauchos','Revision completa','3',0),(3,'Chequeo','Se revisaron los cauchos','3',1),(4,'Frenos','Cambio de liga de freno','1',0),(1,'Preventivo','Revision completa','2',0),(6,'Prueba','Revision completa','3',0);
/*!40000 ALTER TABLE `tipos` ENABLE KEYS */;
UNLOCK TABLES;

--
-- Table structure for table `usuarios`
--

DROP TABLE IF EXISTS `usuarios`;
/*!40101 SET @saved_cs_client     = @@character_set_client */;
/*!50503 SET character_set_client = utf8mb4 */;
CREATE TABLE `usuarios` (
  `id_usuario` int NOT NULL,
  `cedula` varchar(100) CHARACTER SET utf8 COLLATE utf8_bin NOT NULL,
  `usuario` varchar(15) CHARACTER SET utf8 COLLATE utf8_bin NOT NULL,
  `nombre` varchar(20) CHARACTER SET utf8 COLLATE utf8_bin NOT NULL,
  `apellido` varchar(20) CHARACTER SET utf8 COLLATE utf8_bin NOT NULL,
  `contrasena` varchar(200) CHARACTER SET utf8 COLLATE utf8_bin DEFAULT NULL,
  `rol` int NOT NULL,
  `status` int DEFAULT NULL,
  `correo` varchar(30) CHARACTER SET utf8 COLLATE utf8_bin NOT NULL,
  `fechaRecuperacion` timestamp NOT NULL ON UPDATE CURRENT_TIMESTAMP,
  PRIMARY KEY (`id_usuario`),
  UNIQUE KEY `cedula` (`cedula`),
  KEY `fk_rol_id` (`rol`),
  CONSTRAINT `fk_rol_id` FOREIGN KEY (`rol`) REFERENCES `roles` (`id_rol`) ON DELETE CASCADE ON UPDATE CASCADE
) ENGINE=InnoDB DEFAULT CHARSET=utf8mb3 COLLATE=utf8_bin;
/*!40101 SET character_set_client = @saved_cs_client */;

--
-- Dumping data for table `usuarios`
--

LOCK TABLES `usuarios` WRITE;
/*!40000 ALTER TABLE `usuarios` DISABLE KEYS */;
INSERT INTO `usuarios` VALUES (1,'26561633','ogap','Oriana ','Armas','$%%$$%%$$%%$%$$/%%$$$%$$%%$$%$$',1,1,'armasoriana98@gmail.com','2022-07-18 09:20:00'),(2,'154869364','usuario','usuario','usuario','123456',3,1,'usuario@gmail.com','2022-06-24 01:36:56'),(3,'26561633aa','secretaria','Santiago','Rodriguez','1234',2,1,'armasoriana98@gmail.com','2022-06-09 02:42:20'),(4,'10847103','usuario14','Oriana','Fuego','lolo',3,1,'administrador@gmail.com','2022-06-27 14:45:58'),(5,'98657412','ogapcvc55','Miguel','Martinez Ochoa','12234',1,1,'administrador@gmail.com','2022-06-25 22:21:55'),(6,'12345648','juanalacuana_','Juana ','Lacuabana','1234',1,1,'Secretaria@gmail.com','2022-06-25 22:25:25'),(7,'558563363','HECTORDNC','Hector','Noguera','12234',1,1,'Secretaria@gmail.com','2022-06-30 18:30:11'),(8,'88998917','titimepregunto_','Wayando','Bailalo','123454',1,1,'armasoriana107@gmail.com','2022-06-24 01:34:52');
/*!40000 ALTER TABLE `usuarios` ENABLE KEYS */;
UNLOCK TABLES;

--
-- Table structure for table `vehiculos`
--

DROP TABLE IF EXISTS `vehiculos`;
/*!40101 SET @saved_cs_client     = @@character_set_client */;
/*!50503 SET character_set_client = utf8mb4 */;
CREATE TABLE `vehiculos` (
  `id_vehiculo` int NOT NULL,
  `placa` varchar(100) CHARACTER SET utf8 COLLATE utf8_bin NOT NULL,
  `modelo` varchar(20) CHARACTER SET utf8 COLLATE utf8_bin DEFAULT NULL,
  `funcionamiento` varchar(20) CHARACTER SET utf8 COLLATE utf8_bin DEFAULT NULL,
  `nombre_tipo` varchar(30) CHARACTER SET utf8 COLLATE utf8_bin DEFAULT NULL,
  `kilometraje` varchar(30) CHARACTER SET utf8 COLLATE utf8_bin NOT NULL,
  `id_mantenimiento` int DEFAULT NULL,
  `status` int DEFAULT NULL,
  PRIMARY KEY (`id_vehiculo`),
  UNIQUE KEY `placa` (`placa`)
) ENGINE=InnoDB DEFAULT CHARSET=utf8mb3 COLLATE=utf8_bin;
/*!40101 SET character_set_client = @saved_cs_client */;

--
-- Dumping data for table `vehiculos`
--

LOCK TABLES `vehiculos` WRITE;
/*!40000 ALTER TABLE `vehiculos` DISABLE KEYS */;
INSERT INTO `vehiculos` VALUES (1,'OGA1703','Encava','Operativo',NULL,'9,5',NULL,0),(6,'EAP685','Dodge','Operativo',NULL,'',NULL,1),(7,'KVT47V','BEDFORD','Operativo',NULL,'',NULL,1),(8,'898PAJ4','Dodge','Operativo',NULL,'',NULL,1),(9,'VAS654','Caio','Inoperante',NULL,'',NULL,1),(10,'KOWP145','Encava','Operativo',NULL,'',NULL,0),(11,'YYLA891','Kia','Operativo',NULL,'',NULL,1),(12,'GAP173','BEDFORD','Operativo',NULL,'',NULL,1),(13,'ORIANA123','Encava','Operativo',NULL,'',NULL,1),(14,'SANTI03','Kia','Operativo',NULL,'',NULL,1),(15,'ROA126','BEDFORD','Operativo',NULL,'',NULL,1),(30,'6265541',NULL,NULL,'preventivo','300',1,1),(31,'LALI2300','Encava','Operativo',NULL,'',NULL,1),(32,'LALI23001','Encava','Operativo',NULL,'',NULL,1),(33,'117788232','Otro','Operativo',NULL,'',NULL,1),(34,'ALA147','BEDFORD','Operativo',NULL,'45,0',NULL,1),(35,'PAP555','Caio','Inoperativo',NULL,'45,0',NULL,1),(36,'HAN788','Kia','Operativo',NULL,'17,0',NULL,1),(37,'QQQ778','Kia','Operativo',NULL,'98,4',NULL,1),(38,'TOR126','Caio','Inoperativo',NULL,'14,5',NULL,1),(39,'ELI778','BEDFORD','Operativo',NULL,'6,1',NULL,1);
/*!40000 ALTER TABLE `vehiculos` ENABLE KEYS */;
UNLOCK TABLES;
/*!40103 SET TIME_ZONE=@OLD_TIME_ZONE */;

/*!40101 SET SQL_MODE=@OLD_SQL_MODE */;
/*!40014 SET FOREIGN_KEY_CHECKS=@OLD_FOREIGN_KEY_CHECKS */;
/*!40014 SET UNIQUE_CHECKS=@OLD_UNIQUE_CHECKS */;
/*!40101 SET CHARACTER_SET_CLIENT=@OLD_CHARACTER_SET_CLIENT */;
/*!40101 SET CHARACTER_SET_RESULTS=@OLD_CHARACTER_SET_RESULTS */;
/*!40101 SET COLLATION_CONNECTION=@OLD_COLLATION_CONNECTION */;
/*!40111 SET SQL_NOTES=@OLD_SQL_NOTES */;

-- Dump completed on 2022-07-19 11:05:03
